amenity,count
,9659
Smoke alarm,5370
Essentials,5081
Wifi,4992
Carbon monoxide alarm,4949
Hangers,4666
Hair dryer,4607
Hot water,4359
Kitchen,4181
Iron,4168
Shampoo,4055
Fire extinguisher,4019
Microwave,3835
Self check-in,3737
Dishes and silverware,3736
Bed linens,3732
Heating,3647
Refrigerator,3617
Dedicated workspace,3522
Cooking basics,3304
First aid kit,3223
Extra pillows and blankets,2801
TV,2753
Coffee maker,2573
Private entrance,2538
Long term stays allowed,2373
Free street parking,2333
Washer,2270
Dishwasher,2187
Luggage dropoff allowed,2170
Oven,2017
Body soap,1943
Dryer,1922
Security cameras on property,1921
Cleaning products,1918
Bathtub,1916
Shower gel,1869
Hot water kettle,1853
Dining table,1817
Freezer,1792
Room-darkening shades,1732
Conditioner,1709
Toaster,1704
Wine glasses,1664
Stove,1637
Coffee,1539
Laundromat nearby,1260
Outdoor furniture,1230
Lock on bedroom door,1206
Elevator,1173
Keypad,1160
Lockbox,1154
Baking sheet,1150
Pets allowed,1047
Free parking on premises,979
Outdoor dining area,977
Air conditioning,950
Portable fans,886
Mini fridge,885
Books and reading material,884
Central heating,842
Blender,822
TV with standard cable,821
Smart lock,810
Free dryer \u2013 In unit,790
BBQ grill,753
Backyard,747
Clothing storage,744
Private patio or balcony,737
Cleaning available during stay,701
Free washer \u2013 In unit,679
Paid parking off premises,671
City skyline view,640
Gym,621
Patio or balcony,614
Building staff,614
Clothing storage: closet,613
Ethernet connection,601
Pack \u2019n play/Travel crib,542
Board games,536
Single level home,533
Crib,525
Indoor fireplace,502
Paid parking on premises,502
Rice maker,488
Garden view,477
Private backyard \u2013 Fully fenced,458
Netflix,452
Coffee maker: drip coffee maker,444
Drying rack for clothing,442
Host greets you,419
Shared patio or balcony,411
Clothing storage: closet and dresser,409
Barbecue utensils,382
Shared backyard \u2013 Fully fenced,378
Kitchenette,366
Portable heater,363
Exercise equipment,359
Bay view,350
Fire pit,342
Children\u2019s books and toys,335
Free dryer \u2013 In building,326
High chair,315
Safe,308
Outlet covers,297
Free washer \u2013 In building,296
Gas stove,289
Breakfast,289
Coffee maker: Keurig coffee machine,287
Ceiling fan,272
Stainless steel oven,271
Children\u2019s dinnerware,244
Hulu,238
HBO Max,234
Paid dryer \u2013 In building,224
Bidet,223
Paid washer \u2013 In building,220
Disney+,208
Paid parking garage off premises,206
Clothing storage: walk-in closet,202
Hot tub,195
Radiant heating,189
Babysitter recommendations,188
Apple TV,184
Private living room,176
standard cable,160
and dresser,158
Mountain view,152
Sound system,149
Roku,149
Coffee maker: Nespresso,145
Courtyard view,142
Stainless steel gas stove,142
Public or shared beach access,140
Paid street parking off premises,139
Fireplace guards,137
Sun loungers,132
Amazon Prime Video,130
EV charger,129
Piano,128
Ocean view,128
Beach access,128
Park view,121
closet,117
Coffee maker: french press,113
Indoor fireplace: gas,112
Electric stove,111
Dryer \u2013\u00a0In unit,110
Central air conditioning,108
Shared gym in building,108
pour-over coffee,108
yoga mat,108
Exercise equipment: free weights,107
Pool,106
Trash compactor,106
premium cable,101
Pack \u2019n play/Travel crib - available upon request,100
Baby safety gates,99
Chromecast,98
french press,93
Coffee maker: pour-over coffee,92
Free driveway parking on premises \u2013 1 space,90
Washer \u2013\u00a0In unit,90
Hammock,82
Record player,81
Waterfront,81
Window guards,81
Shared hot tub,78
Beach essentials,78
Indoor fireplace: wood-burning,78
Game console,78
Pool table,76
Baby bath,75
Smoking allowed,73
Fire TV,73
wardrobe,70
Clothing storage: wardrobe,70
Resort access,69
Coffee maker: espresso machine,67
Mosquito net,65
Bread maker,64
Keurig coffee machine,64
Nespresso,62
Indoor fireplace: electric,61
BBQ grill: gas,60
Dove body soap,60
Pocket wifi,60
Private hot tub,58
Dryer \u2013 In building,58
Sea view,58
Valley view,56
Bikes,56
Clothing storage: walk-in closet and closet,54
Washer \u2013\u00a0In building,53
DVD player,53
Stainless steel single oven,53
Clothing storage: closet and wardrobe,52
Changing table,51
Pack \u2019n play/Travel crib - always at the listing,51
stationary bike,50
HDTV,50
Clothing storage: dresser,48
Portable air conditioning,48
Paid parking garage on premises \u2013 1 space,48
Marina view,48
EV charger - level 2,46
Paid valet parking on premises,46
HDTV with Amazon Prime Video,45
Heating - split type ductless system,45
Table corner guards,43
Paid parking lot off premises,43
Beach view,42
HDTV with standard cable,41
Harbor view,41
Children\u2019s books and toys for ages 0-2 years old,40
Shared pool,40
Bluetooth sound system,40
Shared BBQ grill: gas,39
Sonos Bluetooth sound system,38
Induction stove,38
Pantene conditioner,38
TV with Netflix,38
Sauna,38
Exercise equipment: yoga mat,37
55\ HDTV with Amazon Prime Video,36
Free residential garage on premises \u2013 1 space,36
Pantene shampoo,36
50\ HDTV with Amazon Prime Video,35
Children's playroom,35
Crib - available upon request,35
Free dryer,35
Single oven,35
Outdoor shower,34
Outdoor playground,34
65\ HDTV with Amazon Prime Video,33
Paid parking garage on premises,33
Lake access,33
Ping pong table,33
Free parking garage on premises \u2013 1 space,33
open specific hours,32
Window AC unit,32
Free driveway parking on premises,32
Private gym in building,31
LG refrigerator,30
espresso machine,30
Theme room,30
Clothing storage: wardrobe and dresser,30
Shared outdoor kitchen,29
Free resort access,29
Paid dryer \u2013 In unit,28
2-5 years old,28
Arcade games,28
Samsung refrigerator,28
Clothing storage: walk-in closet and dresser,27
Stainless steel stove,27
AC - split type ductless system,26
Stainless steel electric stove,26
Exercise equipment: stationary bike,25
treadmill,25
Free washer,25
Beach access \u2013 Beachfront,25
Shared sauna,25
55\ HDTV,25
GE refrigerator,25
Outdoor kitchen,24
Crib - always at the listing,24
Exercise equipment: elliptical,24
43\ HDTV with Amazon Prime Video,24
55\ HDTV with Netflix,24
HDTV with Netflix,24
and 10+ years old,23
5-10 years old,23
Children\u2019s books and toys for ages 2-5 years old,23
tesla only,23
Sonos sound system,23
Samsung stainless steel gas stove,23
Children\u2019s books and toys for ages 0-2 years old and 2-5 years old,23
GE stainless steel gas stove,23
Private backyard \u2013 Not fully fenced,23
Shared backyard,22
free weights,21
Baby monitor,21
Paid washer \u2013 In unit,21
Movie theater,20
TV with Amazon Prime Video,20
Shared outdoor pool - available all year,20
GE gas stove,19
HDTV with Roku,19
55\ HDTV with Roku,19
Standalone high chair - always at the listing,19
Game console: PS4,19
50\ HDTV with Fire TV,19
heated,18
Private backyard,18
GE stainless steel oven,18
Standalone high chair - available upon request,18
Backyard - Fully fenced,18
Sound system with Bluetooth and aux,18
Private BBQ grill: gas,17
BBQ grill: charcoal,17
HDTV with Apple TV,17
Shared gym nearby,16
Private hot tub - available all year,16
Viking stainless steel gas stove,16
Baby bath - available upon request,16
Whirlpool refrigerator,16
EV charger - level 1,16
Children\u2019s books and toys for ages 2-5 years old and 5-10 years old,15
32\ HDTV with Amazon Prime Video,15
HDTV with Chromecast,15
and 5-10 years old,15
Whirlpool gas stove,14
60\ HDTV with Amazon Prime Video,14
65\ HDTV with Netflix,14
Paid parking lot on premises \u2013 1 space,14
Free driveway parking on premises \u2013 2 spaces,13
open 24 hours,13
Wolf stainless steel gas stove,13
50\ HDTV with premium cable,13
Shared BBQ grill,13
Shared backyard \u2013 Not fully fenced,13
Paid washer,13
Frigidaire refrigerator,13
Kayak,13
Viking stainless steel oven,13
Bertazzoni stainless steel gas stove,12
Suave body soap,12
Samsung stainless steel oven,12
Bosch refrigerator,12
lap pool,12
Sound system with aux,12
Shared hot tub - available all year,12
HDTV with premium cable,11
saltwater,11
rooftop,11
gas,11
Frigidaire stainless steel gas stove,11
Thermador stainless steel gas stove,11
Lake view,11
42\ HDTV with Amazon Prime Video,11
HDTV with Hulu,11
Stainless steel double oven,11
Bose Companion 2 Series III Multimedia Speakers sound system with aux,11
Dove shampoo,10
Private sauna,10
Paid dryer,10
65\ HDTV with Apple TV,10
65\ HDTV,10
Viking gas stove,10
Varies conditioner,10
Gym in building,10
50\ HDTV with Roku,10
Bose sound system,10
Wolf gas stove,9
HDTV with Fire TV,9
Golf course view,9
Samsung gas stove,9
Body wash body soap,9
TV with Roku,9
TV with HBO Max,9
Bertazzoni gas stove,9
55\ HDTV with Apple TV,9
43\ HDTV,9
Free parking on premises \u2013 1 space,9
50\ HDTV with Netflix,9
LG stainless steel gas stove,9
40\ HDTV with Amazon Prime Video,9
Children\u2019s books and toys for ages 5-10 years old and 10+ years old,9
65\ HDTV with Chromecast,9
Public or shared beach access \u2013 Beachfront,9
50\ HDTV with standard cable,8
Samsung stainless steel single oven,8
wood-burning,8
Changing table - available upon request,8
Baby monitor - available upon request,8
55\ HDTV with standard cable,8
40\ HDTV with Roku,8
Free residential garage on premises,8
LG gas stove,8
Thermador gas stove,8
Dove conditioner,8
GE stainless steel single oven,8
GE stainless steel electric stove,8
Bosch stainless steel oven,8
55\ HDTV with HBO Max,8
Life size games,8
Suave shampoo,8
Free residential garage on premises \u2013 2 spaces,8
HDTV with Disney+,8
HDTV with HBO Max,8
LG stainless steel oven,7
Children\u2019s bikes,7
Resort view,7
70\ HDTV with Amazon Prime Video,7
40\ HDTV with Netflix,7
Free parking garage on premises,7
Private BBQ grill: charcoal,7
Logitech Z407 Bluetooth Computer Speakers with Subwoofer and Wireless Control,7
42\ HDTV,7
Boat slip,7
Premium Audio with Multiple Inputs,7
Bose Bluetooth sound system,7
75\ HDTV with Amazon Prime Video,7
TV with Chromecast,7
Outdoor kitchen with oven,7
32\ HDTV,7
Immersive Sound,7
40\ HDTV,7
Double oven,7
Whirlpool stainless steel oven,7
32\ TV,7
Frigidaire stainless steel oven,7
Bosch electric stove,7
USB Speakers Bluetooth sound system,7
Standalone high chair,6
Fast wifi \u2013 87 Mbps,6
Aesop body soap,6
Bose Companion 2 Series III Multimedia Speakers with AUX & PC input sound system with aux,6
Stainless steel induction stove,6
Aesop shampoo,6
Baby bath - always at the listing,6
Shared BBQ grill: charcoal,6
Varies body soap,6
42\ HDTV with premium cable,6
Frigidaire gas stove,6
World Amenities conditioner,6
World Amenities body soap,6
Wolf stainless steel oven,6
Whirlpool single oven,6
TV with Apple TV,6
Folding or convertible high chair - always at the listing,6
TV with Fire TV,6
Bertazzoni stainless steel oven,6
Bosch stainless steel gas stove,6
32\ HDTV with Roku,6
Climbing wall,6
Private outdoor kitchen,6
Fast wifi \u2013 57 Mbps,6
Public Goods body soap,6
50\ HDTV,6
Various conditioner,6
50\ HDTV with Chromecast,6
50\ HDTV with Apple TV,6
42\ HDTV with Netflix,6
Private gym,6
Paid parking on premises \u2013 1 space,6
Sub Zero refrigerator,6
Generic shampoo,6
with your your room number on it,5
In the kitchen,5
Pool view,5
Frigidaire stainless steel single oven,5
43\ HDTV with Roku,5
is a mini refrigerator,5
47\ HDTV with Chromecast,5
Bowling alley,5
Paid standalone high chair - available upon request,5
Aesop conditioner,5
Miele refrigerator,5
GE stainless steel induction stove,5
Booster seat high chair - available upon request,5
and wardrobe,5
Dove,5
Nexxus shampoo,5
Viking stainless steel single oven,5
Liebherr refrigerator,5
Neutrogena body soap,5
Pantene  conditioner,5
TV with premium cable,5
Whirlpool stainless steel gas stove,5
Fast wifi \u2013 67 Mbps,5
Various  conditioner,5
55\ HDTV with premium cable,5
Fast wifi \u2013 91 Mbps,5
Paid valet parking on premises \u2013 20 spaces,5
Other gas stove,5
42\ HDTV with Apple TV,5
Fast wifi \u2013 364 Mbps,5
Suave conditioner,5
Whirlpool stainless steel electric stove,5
EO shampoo,5
Aveda conditioner,5
40\ HDTV with standard cable,5
Generic conditioner,5
Public Goods conditioner,5
Dr Bronner's body soap,5
Frigidaire stainless steel electric stove,5
Fast wifi \u2013 93 Mbps,5
48\ HDTV with Amazon Prime Video,5
Nexxus conditioner,5
Public Goods shampoo,5
65\ HDTV with Roku,5
BBQ grill: electric,5
Varies shampoo,4
Free carport on premises \u2013 1 space,4
Fast wifi \u2013 258 Mbps,4
55\ TV,4
47\ HDTV with Amazon Prime Video,4
Game console: PS3,4
Fast wifi \u2013 63 Mbps,4
GE electric stove,4
Fast wifi \u2013 321 Mbps,4
Thermador refrigerator,4
Game console: Xbox 360,4
Neutrogena rainbath body soap,4
Wolf oven,4
Samsung  refrigerator,4
Trader Joes conditioner,4
Paid parking garage on premises \u2013 2 spaces,4
Thermador stainless steel oven,4
Free parking garage on premises \u2013 2 spaces,4
Various shampoo,4
Fast wifi \u2013 313 Mbps,4
42\ HDTV with HBO Max,4
Various body soap,4
77\ HDTV with Amazon Prime Video,4
Fast wifi \u2013 77 Mbps,4
Children\u2019s books and toys for ages 10+ years old,4
Bosch oven,4
Apple Bluetooth sound system,4
54\ HDTV with Amazon Prime Video,4
Fast wifi \u2013 219 Mbps,4
Frigidaire electric stove,4
100% Vegan & Cruelty-Free,4
sink,4
65\ HDTV with HBO Max,4
Fast wifi \u2013 95 Mbps,4
43\ HDTV with Fire TV,4
Batting cage,4
Sub zero refrigerator,4
Kirkland body soap,4
55\ HDTV with Hulu,4
Bosch stainless steel single oven,4
Dove  body soap,4
Generic body soap,4
Ivory body soap,4
Fast wifi \u2013 100 Mbps,4
Fast wifi \u2013 311 Mbps,4
EO conditioner,4
Fast wifi \u2013 59 Mbps,4
60\ HDTV,4
EO body soap,4
Samsung stainless steel electric stove,4
Fast wifi \u2013 234 Mbps,4
Indoor fireplace: ethanol,4
Viking refrigerator,4
Fast wifi \u2013 337 Mbps,4
32\ HDTV with premium cable,4
60\ HDTV with Roku,4
Aveda body soap,4
46\ HDTV with Amazon Prime Video,3
Panteen conditioner,3
Outdoor kitchen with sink,3
Fast wifi \u2013 254 Mbps,3
Neutrogena conditioner,3
Fast wifi \u2013 304 Mbps,3
Pantene  shampoo,3
LG stainless steel single oven,3
every day - available at extra cost,3
Samsung  oven,3
Housekeeping available from 12:00 PM to 4:00 PM,3
Fast wifi \u2013 703 Mbps,3
Fast wifi \u2013 387 Mbps,3
Other electric stove,3
Herbal Essences Repairing Argan Oil of Morocco conditioner,3
32\ TV with Roku,3
GE oven,3
Fast wifi \u2013 92 Mbps,3
Bertazzoni stainless steel single oven,3
Sonos sound system with aux,3
32\ HDTV with standard cable,3
55\ HDTV with Disney+,3
Fisher & Paykel refrigerator,3
Trader Joes body soap,3
43\ TV with Roku,3
TV with DVD player,3
Herbal Essences Repairing Argan Oil of Morocco shampoo,3
Fast wifi \u2013 106 Mbps,3
Housekeeping - available at extra cost,3
Breakfast bar,3
Free carport on premises,3
44\ HDTV with Amazon Prime Video,3
49\ HDTV with premium cable,3
Dove Unscented Hypoallergenic body soap,3
40\ HDTV with Fire TV,3
40\ TV with Roku,3
Viking stainless steel stove,3
LG stainless steel double oven,3
KitchenAid refrigerator,3
65\ HDTV with standard cable,3
Bosch induction stove,3
Other stainless steel gas stove,3
Fast wifi \u2013 189 Mbps,3
Changing table - always at the listing,3
Fast wifi \u2013 281 Mbps,3
Dacor stainless steel gas stove,3
Fast wifi \u2013 270 Mbps,3
Fast wifi \u2013 105 Mbps,3
Game console: Nintendo Switch,3
Fast wifi \u2013 66 Mbps,3
Smeg refrigerator,3
Fast wifi \u2013 60 Mbps,3
GE single oven,3
Paid resort access,3
36\ HDTV,3
36\ HDTV with Amazon Prime Video,3
Generic electric stove,3
Aveda shampoo,3
Samsung stove,3
42\ HDTV with standard cable,3
Fast wifi \u2013 228 Mbps,3
Children\u2019s books and toys for ages 5-10 years old,3
40\ HDTV with Apple TV,3
Fast wifi \u2013 233 Mbps,3
Fast wifi \u2013 401 Mbps,3
43\ HDTV with Chromecast,3
Personality conditioner,3
40\ TV with Netflix,3
Avanti stainless steel gas stove,3
52\ HDTV,3
48\ HDTV with Netflix,3
Fast wifi \u2013 107 Mbps,3
Fast wifi \u2013 309 Mbps,3
32\ TV with Netflix,3
Tresemme shampoo,3
52\ HDTV with Amazon Prime Video,3
Fast wifi \u2013 362 Mbps,3
Shared gym,3
32\ TV with Amazon Prime Video,3
Wifi \u2013 46 Mbps,3
Name Brand conditioner,3
Dr. Bronner\u2019s body soap,3
Native body soap,3
Fast wifi \u2013 119 Mbps,3
Herbal Essences conditioner,3
Bodywash body soap,3
KitchenAid stainless steel gas stove,3
Fast wifi \u2013 358 Mbps,3
Samsung oven,3
60\ HDTV with HBO Max,3
Fast wifi \u2013 88 Mbps,3
42\ HDTV with Roku,3
Fast wifi \u2013 229 Mbps,3
Fast wifi \u2013 101 Mbps,3
Dial body soap,3
Folding or convertible high chair - available upon request,3
Sonos sound system with Bluetooth and aux,3
Fast wifi \u2013 655 Mbps,3
Ironing board,3
Gas oven,3
Game console: PS5,3
Fast wifi \u2013 127 Mbps,3
Samsung stainless steel induction stove,3
TV with Disney+,3
Storage is limited refrigerator,3
Fast wifi \u2013 264 Mbps,3
Wolf stove,3
Kirkland conditioner,3
Game console: Xbox One,3
Fast wifi \u2013 231 Mbps,3
42\ HDTV with Chromecast,3
Bosch stainless steel electric stove,3
Miele stainless steel oven,3
Kenmore refrigerator,3
High chair - available upon request,3
Miele stainless steel gas stove,3
Sony sound system with aux,3
Kirkland shampoo,3
Summit refrigerator,2
Fast wifi \u2013 526 Mbps,2
AEG gas stove,2
32\ TV with standard cable,2
Dr. Bronner's body soap,2
Organic conditioner conditioner,2
Kiehl's shampoo,2
GE Profile stainless steel oven,2
75\ HDTV with Disney+,2
Fast wifi \u2013 62 Mbps,2
Lg stainless steel double oven,2
Costco conditioner,2
Subzero  refrigerator,2
Fast wifi \u2013 80 Mbps,2
Fast wifi \u2013 329 Mbps,2
Wifi \u2013 41 Mbps,2
55\ TV with Roku,2
60\ HDTV with standard cable,2
Sonos  Bluetooth sound system,2
Ice machine,2
Projector and screen,2
Vintage Wedgewood  stainless steel gas stove,2
58\ HDTV,2
Vizio sound system with Bluetooth and aux,2
Wine cellar,2
Fast wifi \u2013 450 Mbps,2
Bose sound system with aux,2
pellet stove,2
Fast wifi \u2013 443 Mbps,2
Fast wifi \u2013 434 Mbps,2
Fast wifi \u2013 286 Mbps,2
Wifi \u2013 40 Mbps,2
Lg refrigerator,2
Dave body soap,2
48\ HDTV,2
Kitchen Aid stainless steel oven,2
Fast wifi \u2013 261 Mbps,2
Native shampoo,2
GE stove,2
HDTV with DVD player,2
Fast wifi \u2013 315 Mbps,2
Fast wifi \u2013 260 Mbps,2
Fast wifi \u2013 330 Mbps,2
Wedgewood oven,2
Aveeno body soap,2
LG stainless steel electric stove,2
Clamp on table seat high chair - always at the listing,2
Sub-Zero refrigerator,2
40\ TV,2
Name Brand shampoo,2
Fast wifi \u2013 126 Mbps,2
48\ HDTV with Roku,2
Paid valet parking on premises \u2013 1 space,2
Fast wifi \u2013 191 Mbps,2
54\ HDTV with standard cable,2
Native conditioner,2
31\ HDTV with Amazon Prime Video,2
Kitchenaid refrigerator,2
43\ HDTV with Apple TV,2
All natural body soap,2
Fast wifi \u2013 511 Mbps,2
Fast wifi \u2013 448 Mbps,2
Free parking on premises \u2013 2 spaces,2
Clamp on table seat high chair - available upon request,2
Clothing storage: walk-in closet and wardrobe,2
Seeying sound system with Bluetooth and aux,2
Fast wifi \u2013 372 Mbps,2
Fast wifi \u2013 350 Mbps,2
Honest  body soap,2
Fast wifi \u2013 192 Mbps,2
60\ HDTV with Netflix,2
Neutrogena shampoo,2
Ginger Lily Farms body soap,2
Fast wifi \u2013 222 Mbps,2
60\ HDTV with Chromecast,2
Shared indoor pool - available all year,2
Exercise equipment: ,2
Single Electric Burner electric stove,2
70\ HDTV with Netflix,2
Fast wifi \u2013 301 Mbps,2
Fast wifi \u2013 552 Mbps,2
Mini golf,2
42\ HDTV with Disney+,2
Game console: Nintendo Switch and PS4,2
47\ HDTV,2
Hairlix or other premium brand conditioner,2
Loreal conditioner,2
Hairlix or other premium brand shampoo,2
Several conditioner,2
Whole Foods 365 conditioner,2
Fast wifi \u2013 334 Mbps,2
45\ TV with Fire TV,2
Fast wifi \u2013 277 Mbps,2
Wet bar,2
Whole Foods 365 shampoo,2
Fast wifi \u2013 291 Mbps,2
Head & Shoulders shampoo,2
44\ HDTV with Netflix,2
Wifi \u2013 13 Mbps,2
Paya Organics conditioner,2
32\ HDTV with Apple TV,2
TV with Hulu,2
Fast wifi \u2013 79 Mbps,2
42\ TV with Chromecast,2
Fast wifi \u2013 166 Mbps,2
Fast wifi \u2013 83 Mbps,2
Fast wifi \u2013 318 Mbps,2
Ocean Breeze Scent,2
Thermador stainless steel single oven,2
Fast wifi \u2013 501 Mbps,2
BOSE Bluetooth sound system,2
Polk built-in speakers via Airplay sound system,2
75\ HDTV with Netflix,2
World Amenities shampoo,2
Whirlpool  refrigerator,2
Kenmore  refrigerator,2
Fast wifi \u2013 70 Mbps,2
Paid pack \u2019n play/travel crib - available upon request,2
Wedgewood gas stove,2
Paya Organics body soap,2
Free driveway parking on premises \u2013 3 spaces,2
Tresemme conditioner,2
Wifi \u2013 26 Mbps,2
Fast wifi \u2013 89 Mbps,2
24\ HDTV with Netflix,2
In shared area refrigerator,2
55\ HDTV with Chromecast,2
Natural  body soap,2
Fast wifi \u2013 495 Mbps,2
Viking single oven,2
Costco body soap,2
Fast wifi \u2013 159 Mbps,2
Fast wifi \u2013 135 Mbps,2
48\ HDTV with premium cable,2
Fast wifi \u2013 472 Mbps,2
Shikai conditioner,2
Fast wifi \u2013 225 Mbps,2
Fast wifi \u2013 73 Mbps,2
Free driveway parking on premises \u2013 4 spaces,2
42\ TV with Amazon Prime Video,2
65\ HDTV with Hulu,2
Paya Organics shampoo,2
Fast wifi \u2013 81 Mbps,2
Fast wifi \u2013 385 Mbps,2
Fast wifi \u2013 485 Mbps,2
Fast wifi \u2013 230 Mbps,2
Sony Bluetooth sound system,2
Pantene ProV,2
Wifi \u2013 20 Mbps,2
36\ TV with Amazon Prime Video,2
Fast wifi \u2013 117 Mbps,2
Nivea body soap,2
Fast wifi \u2013 165 Mbps,2
Vineyard view,2
Fast wifi \u2013 392 Mbps,2
50\ HDTV with Hulu,2
Whirlpool oven,2
85\ HDTV with Amazon Prime Video,2
Fast wifi \u2013 174 Mbps,2
34\ HDTV with Amazon Prime Video,2
Fast wifi \u2013 298 Mbps,2
Fast wifi \u2013 473 Mbps,2
Ge refrigerator,2
Fast wifi \u2013 75 Mbps,2
Harry's body soap,2
Fast wifi \u2013 215 Mbps,2
Fast wifi \u2013 170 Mbps,2
Frigidaire  oven,2
Fast wifi \u2013 418 Mbps,2
Fast wifi \u2013 157 Mbps,2
Fast wifi \u2013 510 Mbps,2
56\ HDTV with Apple TV,2
Fast wifi \u2013 227 Mbps,2
Fast wifi \u2013 374 Mbps,2
Kenmore gas stove,2
55\ HDTV with Fire TV,2
Nest Bluetooth sound system,2
Fast wifi \u2013 86 Mbps,2
Game console: Nintendo Wii U,2
Trader Joe's  conditioner,2
Kiehls conditioner,2
Sub-zero refrigerator,2
Shared pool - available all year,2
Kitchen Aid refrigerator,2
Olay body soap,2
Frigidaire  refrigerator,2
Fast wifi \u2013 636 Mbps,2
Fast wifi \u2013 171 Mbps,2
40\ HDTV with Chromecast,2
Fast wifi \u2013 335 Mbps,2
HomePod Bluetooth sound system,2
Goodfellow & Co. shampoo,2
Fast wifi \u2013 64 Mbps,2
Goodfellow & Co. conditioner,2
Jenn-Air refrigerator,2
30\ HDTV with Amazon Prime Video,2
Fast wifi \u2013 56 Mbps,2
GE Profile refrigerator,2
40\ TV with Amazon Prime Video,2
Kitchen Aid stainless steel gas stove,2
Booster seat high chair - always at the listing,2
Herbal Essences shampoo,2
Fast wifi \u2013 775 Mbps,2
Goodfellow & Co. body soap,2
Frigidaire stainless steel stove,2
With freezer refrigerator,2
Paid parking lot on premises,2
Method body soap,2
48\ HDTV with HBO Max,2
Toaster oven stainless steel oven,2
GE Monogram refrigerator,2
50\ TV,2
Organics body soap,2
Fast wifi \u2013 338 Mbps,2
Hairlix,2
Premium,2
45\ HDTV,2
Electrolux stainless steel gas stove,2
Fast wifi \u2013 140 Mbps,2
Trader Joe's body soap,2
Fast wifi \u2013 218 Mbps,2
72\ HDTV,2
Honest body soap,2
Personality shampoo,2
58\ HDTV with Amazon Prime Video,2
Fast wifi \u2013 494 Mbps,2
Personality body soap,2
Wifi \u2013 17 Mbps,2
Fast wifi \u2013 440 Mbps,2
Fast wifi \u2013 97 Mbps,2
40\ HDTV with Disney+,2
Oribe conditioner,2
Fast wifi \u2013 201 Mbps,2
Sonos,2
Fast wifi \u2013 130 Mbps,2
Fast wifi \u2013 487 Mbps,2
Fast wifi \u2013 531 Mbps,2
Kerastase conditioner,2
Kerastase shampoo,2
Bose sound system with Bluetooth and aux,2
43\ HDTV with Netflix,2
42\ HDTV with Fire TV,2
Exercise equipment: treadmill,2
Fast wifi \u2013 102 Mbps,2
All brand  conditioner,2
Fast wifi \u2013 478 Mbps,2
Hisense refrigerator,2
Fast wifi \u2013 369 Mbps,2
Fast wifi \u2013 453 Mbps,2
46\ TV,2
32\ HDTV with HBO Max,2
Fast wifi \u2013 412 Mbps,2
Pantene,2
32\ HDTV with Chromecast,2
Fast wifi \u2013 255 Mbps,2
Maytag refrigerator,2
Oribe shampoo,2
Fast wifi \u2013 247 Mbps,2
46\ HDTV with Netflix,1
Wifi \u2013 47 Mbps,1
Community kitchen refrigerator refrigerator,1
Paid parking on premises \u2013 2 spaces,1
Fast wifi \u2013 173 Mbps,1
Fast wifi \u2013 71 Mbps,1
Apple homepod Bluetooth sound system,1
Fast wifi \u2013 284 Mbps,1
Everyone for every body soap shampoo and body wash shampoo,1
Fast wifi \u2013 793 Mbps,1
Fast wifi \u2013 529 Mbps,1
Taotronics Bluetooth sound system,1
O'Keefe and Merritt  1940s gas. stainless steel single oven,1
46\ HDTV with HBO Max,1
Amazon Bluetooth sound system,1
Unknown body soap,1
 Bose sound system with Bluetooth and aux,1
Fast wifi \u2013 414 Mbps,1
Everyone for every body soap shampoo and body wash body soap,1
O'Keefe and Merritt 1940's pilots gas stove,1
Kenmore Elite stainless steel oven,1
Gas Stove oven,1
Axe & Dove body soap,1
Kenmore Elite stove,1
Thermidor stainless steel oven,1
HomePod + addl. AirPlay 2 speaker Bluetooth sound system,1
Fast wifi \u2013 303 Mbps,1
EO Essentials shampoo,1
Oil of Olay Body Wash body soap,1
Little toaster oven oven,1
Bosch stainless steel stove,1
EO Essentials body soap,1
Fast wifi \u2013 388 Mbps,1
Fast wifi \u2013 351 Mbps,1
50\ TV with Apple TV,1
63\ HDTV with Amazon Prime Video,1
27\ HDTV with Fire TV,1
Wednesday - available at extra cost,1
Fast wifi \u2013 724 Mbps,1
EO Essentials conditioner,1
Bespoke body soap,1
Fast wifi \u2013 458 Mbps,1
Gas Stove stove,1
Olay shampoo,1
Kiehls shampoo,1
Unknown shampoo,1
'Everyone' lavender and aloe shampoo,1
Fast wifi \u2013 235 Mbps,1
Fast wifi \u2013 359 Mbps,1
Yamaha Bluetooth sound system,1
77\ HDTV,1
Suave and Various conditioner,1
Irish Spring body soap,1
Dr. Bronner's Castille Liquid Lavender Soap,1
Kitchen Aid stainless steel electric stove,1
Suave and Various shampoo,1
Fast wifi \u2013 580 Mbps,1
GE Profile gas stove,1
Whole Foods 365 Fragrance Free body soap,1
Whole Foods 365 Fragrance Free shampoo,1
Whole Foods 365 Fragrance Free conditioner,1
Fast wifi \u2013 566 Mbps,1
Esssentials conditioner,1
Fast wifi \u2013 294 Mbps,1
Full alexa-integrated multi-room speaker system Bluetooth sound system,1
45\ TV with standard cable,1
Bosche refrigerator,1
Garnier conditioner,1
Further body soap,1
MayTag stainless steel single oven,1
Standard 30 inch refrigerator,1
Gas stove oven single oven,1
49\ HDTV with Netflix,1
Garnier shampoo,1
Dr. Bonners body soap,1
66\ HDTV with Hulu,1
45\ HDTV with standard cable,1
Dacor refrigerator,1
Further shampoo,1
Maytag stainless steel gas stove,1
Miele electric stove,1
Amazon Echo/Alexa Bluetooth sound system,1
Fast wifi \u2013 324 Mbps,1
Bluetooth speaker Bluetooth sound system,1
Geneva sound system with Bluetooth and aux,1
Sony sound system with Bluetooth and aux,1
80\ HDTV,1
42\ TV with Apple TV,1
Bose Soundbar Bluetooth sound system,1
365 Everyday body soap,1
PURE by Gloss body soap,1
PURE by Gloss conditioner,1
PURE by Gloss shampoo,1
Paid parking on premises \u2013 100 spaces,1
Fast wifi \u2013 340 Mbps,1
Organics conditioner,1
Dove Bar Body Soap  body soap,1
HarmanCardon sound system with Bluetooth and aux,1
Organics shampoo,1
27\ TV with standard cable,1
Viking  stainless steel single oven,1
Fast wifi \u2013 508 Mbps,1
Olay conditioner,1
Fast wifi \u2013 252 Mbps,1
Fast wifi \u2013 113 Mbps,1
Fast wifi \u2013 758 Mbps,1
LG Convection stainless steel single oven,1
Apple Speakers sound system,1
Quality liquid and bar soap body soap,1
Quality conditioner,1
Qulaity shampoo,1
Fast wifi \u2013 599 Mbps,1
Fast wifi \u2013 497 Mbps,1
Paid parking lot on premises \u2013 2 spaces,1
24\ TV with Apple TV,1
Essentials shampoo,1
LG electric stove,1
Fridgedaire stainless steel oven,1
JENN-AIR refrigerator,1
Fast wifi \u2013 124 Mbps,1
Wifi \u2013 34 Mbps,1
Head and shoulders  shampoo,1
Game console: PS2,1
Fast wifi \u2013 614 Mbps,1
Electric oven,1
Molton Brown body soap,1
47\ TV with standard cable,1
Booster seat high chair,1
36\ HDTV with Fire TV,1
Various  body soap,1
LG Soundbar with Record Player sound system with Bluetooth and aux,1
Wolf refrigerator,1
Shared indoor pool - heated,1
EO lavender  body soap,1
Fast wifi \u2013 657 Mbps,1
Fast wifi \u2013 719 Mbps,1
Bosch stainless steel double oven,1
Panthene conditioner,1
Fast wifi \u2013 550 Mbps,1
L'Occitane Aromachologie Purifying Freshness Shampoo Refill Enriched with 5 Essential Oils for Normal to Oily Hair shampoo,1
L\u2019Occitane Shea Hands & Body Verbena Liquid Soap body soap,1
L'Occitane conditioner,1
Kenmore stainless steel oven,1
Magnavox AM/FM Radio Cabinet sound system,1
Fast wifi \u2013 306 Mbps,1
Fast wifi \u2013 278 Mbps,1
Viking Range with Exhaust Hood gas stove,1
Ginger Lily Farm body soap,1
85\ TV with standard cable,1
Sony radio Bluetooth sound system,1
Bronners shower gel and oatmeal hand soap provided body soap,1
Dr,1
Bertazonni gas stove and oven oven,1
Shaikai conditioner,1
Shaikai shampoo,1
All brands conditioner,1
All brands  body soap,1
Small bluetooth speaker Bluetooth sound system,1
Bertazonni 4 burner gas stove gas stove,1
Gaggenau stainless steel gas stove,1
All brand  body soap,1
Pool - ,1
Dial Moisturizing Body Wash body soap,1
65\ TV,1
Viking Gas Oven oven,1
LG in garage refrigerator,1
24\ TV with Chromecast,1
45\ TV,1
Monday  shampoo,1
Monday conditioner,1
Le Labo shampoo,1
Le Labo body soap,1
82\ HDTV with Apple TV,1
Fast wifi \u2013 731 Mbps,1
Fast wifi \u2013 94 Mbps,1
Yamaha surround sound sound system,1
Professional grade conditioner,1
Professional grade shampoo,1
Google Home Bluetooth sound system,1
Frigidaire 5.6cf with separate freezer refrigerator,1
Everyone for Everybody body soap,1
TriSemme conditioner,1
TriSemme shampoo,1
Soft Soap body soap,1
Other induction stove,1
Japanese refrigerator,1
La Cornue gas stove,1
Le Labo conditioner,1
Meridian sound system,1
46\ HDTV with Roku,1
58\ HDTV with Netflix,1
Soapbox Sea Mineral and Blue Iris shampoo,1
Soapbox Sea Mineral and Blue Iris conditioner,1
36\ TV with Chromecast,1
Nexxus or equivalent shampoo,1
Bertazzoni electric stove,1
45\ TV with Hulu,1
Leibhere refrigerator,1
Green Tea Lemongrass Scent shampoo,1
Small toaster oven oven,1
Aloe Vera Scent conditioner,1
Green Tea & Lemongrass Scent body soap,1
Onkyo Bluetooth sound system,1
Nexxus or equivalent conditioner,1
Dorm Size refrigerator,1
Magic Chef gas stove,1
Ivory or Pantene  conditioner,1
Ginger Lily Farm shampoo,1
Kitchenn Aid stainless steel gas stove,1
48\ TV with Amazon Prime Video,1
Jenn air gas stove,1
Haier refrigerator,1
Commercial Grade Five Star stainless steel gas stove,1
Commercial Grade Five Star stainless steel oven,1
Mini fridge refrigerator,1
42\ TV with Netflix,1
GE (microwave has convection oven feature) oven,1
Wheel pool  refrigerator,1
Fast wifi \u2013 263 Mbps,1
Earth Friendly conditioner,1
72\ HDTV with Amazon Prime Video,1
Wedgewood stove,1
Earth Friendly body soap,1
Earth Friendly shampoo,1
Various different brands body soap,1
Various different brands conditioner,1
Fluance and Sony sound system with Bluetooth and aux,1
Various different brands shampoo,1
Whirlpool stove,1
Bumble & Bumble conditioner,1
Ginger Lily Farm conditioner,1
Trader Joe's Refresh Citrus Body Wash (Dr. Bronners or others on request) body soap,1
SONOS sound system,1
Jenn air stainless steel gas stove,1
EG stainless steel gas stove,1
Fast wifi \u2013 755 Mbps,1
Ginger Lily farms shampoo,1
Ginger Lily farms conditioner,1
Honest Company body soap,1
Neutrogena,1
Shared  refrigerator,1
Kristin Ess shampoo,1
Kristin Ess conditioner,1
Kristin Ess body soap,1
Shared hot tub - open specific hours,1
Fast wifi \u2013 346 Mbps,1
61\ HDTV with Netflix,1
Fast wifi \u2013 456 Mbps,1
Jenn air oven,1
Sansund refrigerator,1
Wifi \u2013 28 Mbps,1
Fast wifi \u2013 818 Mbps,1
Fast wifi \u2013 132 Mbps,1
Generic  conditioner,1
Generic  body soap,1
IKEA  gas stove,1
Verona stainless steel gas stove,1
Verona stainless steel oven,1
Hydrate conditioner,1
Prestige  stainless steel oven,1
Prestige  gas stove,1
27\ HDTV with Chromecast,1
Fast wifi \u2013 344 Mbps,1
Sonos Whole House Bluetooth sound system,1
N/a body soap,1
N/a shampoo,1
N/a conditioner,1
EO - Essential Oils Body Wash body soap,1
Dacor & GE Monogram stainless steel double oven,1
EO - Essential Oils Conditioner conditioner,1
Fast wifi \u2013 446 Mbps,1
100\ HDTV with Disney+,1
Sony  Bluetooth sound system,1
Miele double oven,1
EO - Essential Oils Shampoo shampoo,1
White one single oven,1
Dove Foaming (Hypoallergenic for sensitive skin) body soap,1
Bath & Body Works conditioner,1
Bath & Body Works shampoo,1
Shared outdoor pool,1
Bath & Body Works body soap,1
Gym nearby,1
Fast wifi \u2013 193 Mbps,1
Fast wifi \u2013 220 Mbps,1
McIntosh sound system with aux,1
Subzero refrigerator,1
Wolf stainless steel single oven,1
44\ HDTV with Apple TV,1
Fast wifi \u2013 429 Mbps,1
Mini refrigerator  refrigerator,1
4.4 cubic foot refrigerator (Frigidaire LFPH44M4LM) refrigerator,1
Fast wifi \u2013 519 Mbps,1
Trader Joe's Nourish Spa Conditioner conditioner,1
Fast wifi \u2013 617 Mbps,1
Cafe gas stove,1
Cafe stainless steel double oven,1
IKEA gas stove,1
Pro series 6 burner gas stove,1
Pro series oven,1
Fast wifi \u2013 376 Mbps,1
Elite Gourmet Hot Plate ESB-301BF electric stove,1
Fast wifi \u2013 725 Mbps,1
Housekeeping - included with your stay,1
Fast wifi \u2013 61 Mbps,1
Sonia Bluetooth sound system,1
Fast wifi \u2013 253 Mbps,1
Fast wifi \u2013 660 Mbps,1
Harman Kardon Bluetooth sound system,1
65\ HDTV with Fire TV,1
Magic Chef 10.1 cu ft. refrigerator,1
Single electric burner. I tried cooking meats and simple meals on it no problem. electric stove,1
Boss Bluetooth sound system,1
Fast wifi \u2013 141 Mbps,1
Paul Mitchell shampoo,1
Galanz refrigerator,1
Fast wifi \u2013 390 Mbps,1
Google Home Speaker Bluetooth sound system,1
Bath Well body soap,1
Bath Well shampoo,1
Wedgewood Holly gas stove,1
Fast wifi \u2013 203 Mbps,1
64\ TV with Apple TV,1
52\ HDTV with Chromecast,1
Verona stainless steel single oven,1
LG sound system,1
Fast wifi \u2013 545 Mbps,1
49\ HDTV with standard cable,1
Fast wifi \u2013 727 Mbps,1
Dr Bronners \u201call in one\u201d body soap,1
Personality  conditioner,1
LG stainless steel stove,1
Nest Audio sound system,1
Fast wifi \u2013 237 Mbps,1
34\ TV,1
smells like vanilla! body soap,1
Suave Cocoa Butter and Shea Body wash,1
Cuisinart  single oven,1
49\ TV with Netflix,1
Fast wifi \u2013 317 Mbps,1
Wedge wood double oven,1
General brand conditioner,1
Fast wifi \u2013 498 Mbps,1
JennAir gas stove,1
JennAir stainless steel single oven,1
34\ HDTV with Chromecast,1
48\ TV with Roku,1
Thermador  refrigerator,1
Thermador  stainless steel oven,1
PANTENE shampoo,1
PANTENE conditioner,1
Edifier Bluetooth sound system,1
39\ HDTV with Chromecast,1
Fast wifi \u2013 74 Mbps,1
4 burner gas range / oven  oven,1
Wolf induction stove,1
Fast wifi \u2013 410 Mbps,1
Rudy's \u00b7\u00a0Ace Hotel conditioner,1
Terra Pure Spa Collection Amenities conditioner,1
Bose SoundLink Bluetooth sound system,1
Terra Pure Spa Collection Amenities shampoo,1
Terra Pure Spa Collection Amenities body soap,1
Mabe stainless steel electric stove,1
Fast wifi \u2013 85 Mbps,1
Fast wifi \u2013 405 Mbps,1
Jenn-Air stainless steel oven,1
4x gas flames gas stove,1
O'Keefe & Merritt stainless steel stove,1
Rudy's \u00b7\u00a0Ace Hotel body soap,1
Jenn-Air stainless steel gas stove,1
Rudy's \u00b7\u00a0Ace Hotel shampoo,1
Amazon Echo Plus in each room sound system with Bluetooth and aux,1
O'Keefe & Merritt stainless steel oven,1
You're welcome to use anything in the fridge/freezer refrigerator,1
Samsung 3 door with automatic icemaker refrigerator,1
Samsung gas cooktop and with grill and electric oven: ALWAYS USE EXHAUST FAN WHEN USING STOVE AND OVEN stainless steel gas stove,1
Fast wifi \u2013 722 Mbps,1
OGX conditioner,1
84\ HDTV with Netflix,1
Fast wifi \u2013 68 Mbps,1
Fast wifi \u2013 283 Mbps,1
Dual electric hot plate  electric stove,1
Wifi \u2013 19 Mbps,1
Noxton electric stove,1
Fast wifi \u2013 280 Mbps,1
Dove and Suave Men's body soap,1
1920s gas Wedgwood lit with fire oven,1
Fast wifi \u2013 677 Mbps,1
Alexa and Amazon music Bluetooth sound system,1
Fast wifi \u2013 590 Mbps,1
GE Gallery refrigerator,1
Amana stainless steel oven,1
Amana -- oven is part of the stove stainless steel gas stove,1
Ginger Lily Farms Botanicals shampoo,1
Ginger Lily Farms  Botanicals conditioner,1
Fast wifi \u2013 738 Mbps,1
Vizio sound bar Bluetooth sound system,1
Samsung Surround Sound Bar with Subwoofer Bluetooth sound system,1
Fast wifi \u2013 420 Mbps,1
56\ HDTV with Amazon Prime Video,1
38\ TV with Chromecast,1
Fast wifi \u2013 435 Mbps,1
30\ HDTV,1
Trade Joe's shampoo,1
O'Real conditioner,1
Duxtop stainless steel induction stove,1
Fast wifi \u2013 194 Mbps,1
Pantene body soap,1
Travel size shampoo,1
Travel size conditioner,1
Fast wifi \u2013 257 Mbps,1
Bose & Amazon Devices  sound system with Bluetooth and aux,1
2 shelves available for guests. refrigerator,1
SubZero,1
Fast wifi \u2013 491 Mbps,1
Amana  gas stove,1
Fast wifi \u2013 647 Mbps,1
Fast wifi \u2013 686 Mbps,1
Fast wifi \u2013 544 Mbps,1
EO Organics body soap,1
30\Steam Oven and 36\ Oven  stainless steel oven,1
Bertazzoni; 30\Speed Oven,1
Bertazzoni; two 30\ refrigerators side by side and a 30 bottle wine fridge refrigerator,1
Bertazzoni Gas Stove stainless steel stove,1
Fast wifi \u2013 356 Mbps,1
KitchenAid stainless steel oven,1
Fast wifi \u2013 715 Mbps,1
Designated shelf in fridge refrigerator,1
Sub-Zero (under counter) refrigerator,1
Fast wifi \u2013 780 Mbps,1
Bose Companion 2 Series III Multimedia Speakers Bluetooth sound system,1
Fast wifi \u2013 597 Mbps,1
Classic gas range  oven,1
Classic refrigerator,1
Nuskin body soap,1
Body wash  body soap,1
Body soap and shampoo. No particular brand body soap,1
43\ TV with Netflix,1
Honest  shampoo,1
Honest  conditioner,1
Fast wifi \u2013 770 Mbps,1
EO Organics conditioner,1
EO Organics shampoo,1
Fast wifi \u2013 378 Mbps,1
Denon A/V receivers sound system with aux,1
Focal Bluetooth sound system,1
Empava induction stove,1
Induction setting in microwave oven,1
Fast wifi \u2013 148 Mbps,1
Viking stainless steel double oven,1
37\ HDTV with Roku,1
Fast wifi \u2013 630 Mbps,1
Dove unscented body soap,1
Hot plate and microwave electric stove,1
Wifi \u2013 39 Mbps,1
Rainfreash body soap,1
Jenn-air refrigerator,1
Thermador  stainless steel induction stove,1
Fast wifi \u2013 299 Mbps,1
Fast wifi \u2013 297 Mbps,1
Body Shop  body soap,1
Fast wifi \u2013 583 Mbps,1
36\ HDTV with standard cable,1
104\ HDTV with Amazon Prime Video,1
Dacor gas stove,1
Daewoo refrigerator,1
Revo sound system with Bluetooth and aux,1
Roam body soap,1
Roam conditioner,1
Fast wifi \u2013 53 Mbps,1
Stainless Steel Haier refrigerator,1
or Le Labo  body soap,1
Malian +Goetz,1
AESOP,1
Fast wifi \u2013 416 Mbps,1
Fast wifi \u2013 486 Mbps,1
Shikai body soap,1
Earth Science shampoo,1
Various brands  conditioner,1
Fast wifi \u2013 421 Mbps,1
E&O body soap,1
37\ TV with Amazon Prime Video,1
SubZero one shelf for the room refrigerator,1
Fast wifi \u2013 129 Mbps,1
Chef's oven.  Thermador stainless steel oven,1
Oil of Olay conditioner,1
28\ HDTV with Amazon Prime Video,1
Bertzonni  stainless steel oven,1
Avanti stainless steel oven,1
Fast wifi \u2013 245 Mbps,1
Up & up body soap,1
Mini fridge  refrigerator,1
Air Fryer and Convection Oven oven,1
3-in-1 Microwave,1
Magic Chef Mini Fridge  refrigerator,1
Blue Bose portable speakers. Bluetooth sound system,1
Frigidare refrigerator,1
Frigidare stainless steel oven,1
Fast wifi \u2013 268 Mbps,1
Shikai,1
70\ HDTV with Hulu,1
Fast wifi \u2013 424 Mbps,1
Trader joes conditioner,1
Dove Deep Moisture body soap,1
33\ TV with Netflix,1
Fast wifi \u2013 515 Mbps,1
45\ HDTV with Hulu,1
Marshall sound system with Bluetooth and aux,1
JBL Bluetooth sound system,1
Fast wifi \u2013 906 Mbps,1
Unknown induction stove,1
Bertazzoni refrigerator,1
60\ HDTV with Apple TV,1
Wifi \u2013 37 Mbps,1
Further conditioner,1
Auromere ayurvedic soap body soap,1
Auromere ayurvedic conditioner conditioner,1
Cuisinart portable countertop burner (one) stainless steel stove,1
Trader Joe's Nourish Spa Shampoo shampoo,1
*Apple HomePods or Sonos (available on request) sound system with Bluetooth and aux,1
Organix Shampoo and Conditioner shampoo,1
57\ HDTV with Apple TV,1
Cuisinart Countertop single oven,1
Fast wifi \u2013 308 Mbps,1
Fast wifi \u2013 209 Mbps,1
Head & Shoulder conditioner,1
Klipch  Bluetooth sound system,1
Kenmoore refrigerator,1
Loreal  shampoo,1
Miele 2 burner stove top - electric  electric stove,1
Fast wifi \u2013 749 Mbps,1
Pioneer SC-99 sound system with Bluetooth and aux,1
Cuisimax stainless steel electric stove,1
Kitchen Aid stainless steel single oven,1
Fast wifi \u2013 516 Mbps,1
Samsung sound system with aux,1
46\ TV with Netflix,1
Everyone Plant Pure Citrus and Mint Body Wash body soap,1
Tresemme  shampoo,1
65\ HDTV with premium cable,1
GE?? refrigerator,1
15\ TV with Amazon Prime Video,1
Tea Tree conditioner,1
Several shampoo,1
Wolf stainless steel double oven,1
Viking  stainless steel oven,1
24\ HDTV with Amazon Prime Video,1
Kitchen aid oven,1
Denon Home Theater Receiver with Boston Acoustics speakers + Subwoofer sound system with aux,1
Dove (sensitive skin) body soap,1
Induction Cook-top induction stove,1
Pantene 2-1 / Dove 2-1 conditioner,1
Pantene 2-1 / Dove 2-1 shampoo,1
8 cu. ft. top freezer refrigerator,1
Harmon Kardon Bluetooth sound system,1
Off-Brand gas stove,1
Denon AVR-2312Ci (Apple AirPlay enabled) https://www.denon.com/en-us/product/av-receivers/avr-2312ci sound system,1
Off-Brand oven,1
Fast wifi \u2013 349 Mbps,1
Off-Brand refrigerator,1
Kirkland  conditioner,1
Full size refrigerator,1
Contact owner refrigerator,1
All natural conditioner,1
Paid pack \u2019n play/travel crib - always at the listing,1
Tea Tree shampoo,1
Olkay shampoo,1
AEG stainless steel electric stove,1
150\ HDTV with standard cable,1
Loreal body soap,1
Blackmore Pro Audio Bluetooth sound system,1
Starter amount shampoo,1
Starter amounts conditioner,1
Starter amounts body soap,1
70\ HDTV with standard cable,1
Fast wifi \u2013 65 Mbps,1
Fast wifi \u2013 271 Mbps,1
Shampoo shampoo,1
Conditioner conditioner,1
Fast wifi \u2013 54 Mbps,1
Ivory  body soap,1
HomePods  Bluetooth sound system,1
Smeg electric stove,1
Kirkland  shampoo,1
Wifi \u2013 43 Mbps,1
Free parking garage on premises \u2013 38 spaces,1
Game console: Nintendo Wii and Xbox 360,1
Portable stove electric stove,1
Portable oven  oven,1
11cu refrigerator refrigerator,1
oven,1
KitchenAide  stainless steel gas stove,1
Soft soap body soap,1
Kitchenaid stainless steel oven,1
Kitchenaid stainless steel gas stove,1
Audio Pro sound system with Bluetooth and aux,1
63\ HDTV with Netflix,1
Essentials  body soap,1
Essentials  conditioner,1
Essentials  shampoo,1
Samsung Stainless Steel  refrigerator,1
Fast wifi \u2013 396 Mbps,1
All natural shampoo,1
Bertazzoni stove,1
Bertazzoni oven,1
Audioengine Bluetooth sound system,1
Fast wifi \u2013 178 Mbps,1
BBQ grill: wood-burning,1
Free residential garage on premises \u2013 3 spaces,1
Fast wifi \u2013 504 Mbps,1
55\ TV with HBO Max,1
Fast wifi \u2013 570 Mbps,1
49\ HDTV,1
Fast wifi \u2013 607 Mbps,1
Z Line stainless steel single oven,1
Apple sound system with Bluetooth and aux,1
ZLINE stainless steel induction stove,1
Asop body soap,1
Asop conditioner,1
Logic  Bluetooth sound system,1
Asop shampoo,1
Portable Stove electric stove,1
32\ TV with Chromecast,1
FULGOR stainless steel gas stove,1
Fragrance free from Whole Foods conditioner,1
Fast wifi \u2013 496 Mbps,1
Brand changes upon available brands body soap,1
Professional shampoo,1
Professional conditioner,1
Gourmia Convection/Toaster Oven/Air Fryer single oven,1
Tramontina induction stove,1
Fast wifi \u2013 332 Mbps,1
In garage outside of unit entrance refrigerator,1
Shea Moisture Coconut Oil conditioner,1
Honest Lavender wash body soap,1
Fast wifi \u2013 611 Mbps,1
Cuisinart Countertop Double Burner stainless steel electric stove,1
Shea Moisture Coconut Oil shampoo,1
25 L Toaster oven and Airfryer stainless steel oven,1
Private pool,1
Fast wifi \u2013 323 Mbps,1
24\ HDTV,1
55\ TV with Apple TV,1
27\ TV with Netflix,1
Natural body soap,1
60\ TV with Netflix,1
42\ TV with Disney+,1
Fast wifi \u2013 172 Mbps,1
Fast wifi \u2013 505 Mbps,1
Fast wifi \u2013 572 Mbps,1
CHANDRIKA Ayurvedic Soap  body soap,1
Convection Oven stainless steel oven,1
LG Double Oven - Gas (porcelain lined ovens) stainless steel oven,1
Single use tubes on arrival shampoo,1
Devialet sound system,1
Pre-amp. Amp,1
Fast wifi \u2013 698 Mbps,1
CD player,1
DVD player sound system,1
we also have a June Smart oven! stainless steel oven,1
KitchenAid full-size oven,1
JennAir  stainless steel gas stove,1
JennAir  stainless steel oven,1
4 burners and double oven electronic control stainless steel gas stove,1
Bosch gas stove,1
Shea Logix conditioner,1
NXT monitors and Yamaha in ceiling speakers with Surround sound Bluetooth sound system,1
AEG electric stove,1
Essentials Only shampoo,1
55\ TV with Amazon Prime Video,1
Essentials Only conditioner,1
Ginger Lily Farms  shampoo,1
Apple sound system,1
Trader Joe\u2019s 3-in-1 organic hemp body soap,1
Z line stainless steel oven,1
Z line stainless steel gas stove,1
JBL,1
SubZero stainless steel single oven,1
Miscellaneous body soap,1
Jenn Air stainless steel gas stove,1
36\ HDTV with Netflix,1
AVEDA conditioner,1
Fast wifi \u2013 244 Mbps,1
Wolfe Range 48\ stainless steel oven,1
Harmon Kardon,1
Wifi \u2013 22 Mbps,1
Harmon Kardon sub,1
Regular shampoo,1
Niles speakers,1
Denon,1
Shea Logix shampoo,1
Sony Receiver  Boze Speakers sound system with Bluetooth and aux,1
53\ HDTV with Roku,1
Cuisinart 2 burner stove stainless steel stove,1
Hotpoint; new! refrigerator,1
Cuisinart small toaster/convection oven oven,1
Fast wifi \u2013 470 Mbps,1
Common conditioner,1
Common stove,1
Fast wifi \u2013 236 Mbps,1
Cusimax stainless steel electric stove,1
30\ TV with premium cable,1
Regular body soap,1
75\ HDTV with Chromecast,1
Subzero wolf oven,1
Fast wifi \u2013 584 Mbps,1
Single use tubes on arrival conditioner,1
Trader Joe\u2019s body soap,1
Oxy conditioner,1
Oxy shampoo,1
Herbal Essence conditioner,1
Fast wifi \u2013 78 Mbps,1
Dcs stainless steel gas stove,1
Wifi \u2013 35 Mbps,1
Herbal Essence shampoo,1
Cubix stainless steel induction stove,1
Fast wifi \u2013 423 Mbps,1
Toaster Oven  oven,1
Amazon Echo Studio sound system with Bluetooth and aux,1
Electrolux induction stove,1
3n1 Everyone for Every Body Soap conditioner,1
3n1 Everyone for Every Body Soap body soap,1
3n1 Everyone for Every Body Soap shampoo,1
Frigidaire  stainless steel oven,1
Oil of Olay body soap,1
Fast wifi \u2013 121 Mbps,1
Delon body soap,1
Stainless Steel oven,1
36\ HDTV with premium cable,1
Fast wifi \u2013 977 Mbps,1
Wifi \u2013 48 Mbps,1
Ginger Lily Farms conditioner,1
Ginger Lily Farms shampoo,1
Fast wifi \u2013 154 Mbps,1
Fast wifi \u2013 816 Mbps,1
Fast wifi \u2013 670 Mbps,1
Various Brands conditioner,1
Fresh shampoo,1
Several brands available body soap,1
Paid parking lot on premises \u2013 4 spaces,1
GE stainless steel double oven,1
Samsung Induction  oven,1
Whirlpool electric stove,1
Fast wifi \u2013 292 Mbps,1
Built in/Sonos  sound system with Bluetooth and aux,1
Delon conditioner,1
Dove bar soap body soap,1
Brand-new Whirlpool refrigerator,1
48\ HDTV with Disney+,1
Everyone\u2019s 3in1 EWG Verified body soap,1
SheaMoisture 100% Virgin coconut oil conditioner,1
SheaMoisture 100% Virgin coconut oil shampoo,1
Head and Shoulders shampoo,1
Fast wifi \u2013 383 Mbps,1
38\ HDTV,1
A full size refrigerator refrigerator,1
43\ HDTV with Hulu,1
46\ HDTV,1
Undercounter half size fridge refrigerator,1
60\ HDTV with premium cable,1
Google and also home theater  sound system with Bluetooth and aux,1
Fast wifi \u2013 585 Mbps,1
46\ TV with Chromecast,1
Tresemme Keratin Shampoo and Conditioner shampoo,1
Thermador oven,1
Amazon Echo / Dot sound system with aux,1
Delon shampoo,1
Jergens Mild,1
SONOS Bluetooth sound system,1
Denon sound system with Bluetooth and aux,1
Thermador stainless steel stove,1
Fast wifi \u2013 240 Mbps,1
Fast wifi \u2013 449 Mbps,1
Organic  shampoo,1
Free residential garage on premises \u2013 38 spaces,1
Cuisinart stainless steel electric stove,1
Silkience Hydrating Shampoo conditioner,1
Lever 2000 body soap,1
Fast wifi \u2013 482 Mbps,1
Rudy's \u00b7 Ace Hotel brand shampoo,1
Rudy's \u00b7 Ace Hotel brand body soap,1
Housekeeping available from 11:00 AM to 3:00 PM,1
Amazon Echo Plus sound system with Bluetooth and aux,1
Rudy's \u00b7 Ace Hotel brand conditioner,1
Dove etc. body soap,1
Kirkland,1
Magic Chef refrigerator,1
Eco Friendly conditioner,1
Branded conditioner,1
59\ HDTV with Amazon Prime Video,1
Full sized refrigerator refrigerator,1
BOSCH stainless steel single oven,1
All Natural  conditioner,1
Organic bar or liquid  body soap,1
63\ HDTV with standard cable,1
Tresemme / Dove shampoo,1
Bertazzoni induction stove,1
Bose Sound Bar Bluetooth sound system,1
50\ HDTV with DVD player,1
Sammsung stainless steel single oven,1
Samsung Bluetooth sound system,1
Samsung  sound system,1
Dove neutral body soap,1
Kenmore stainless steel gas stove,1
Bertozonni stainless steel single oven,1
Beko refrigerator,1
22\ TV with Apple TV,1
Neutropenia body soap,1
Hotel brand body soap,1
Hotel brand conditioner,1
Your personal full fridge refrigerator,1
47\ HDTV with Netflix,1
Spotify via Google on Sonos sound system,1
Fast wifi \u2013 187 Mbps,1
Malin Goetz conditioner,1
Stainless steel refrigerator,1
Fast wifi \u2013 223 Mbps,1
100\ TV with Apple TV,1
Fast wifi \u2013 898 Mbps,1
Jenn Air refrigerator,1
Organic Shampoo shampoo,1
Organic soap body soap,1
Garland stainless steel double oven,1
Fast wifi \u2013 411 Mbps,1
AEG stainless steel gas stove,1
Samsung - Side by Side with Ice Maker refrigerator,1
Viking stove,1
Fast wifi \u2013 642 Mbps,1
Gas Wedgewood 4 burner oven,1
Fast wifi \u2013 751 Mbps,1
SMEG refrigerator,1
Samsung  gas stove,1
Summit gas stove,1
Wedgwood 4 Burner gas stove,1
Bosche  stainless steel stove,1
38\ TV with premium cable,1
Panteen shampoo,1
50\ HDTV with Disney+,1
SofSoap body soap,1
Fast wifi \u2013 513 Mbps,1
Contact host. body soap,1
Contact host. shampoo,1
Fast wifi \u2013 312 Mbps,1
Fast wifi \u2013 274 Mbps,1
Moulton Brown body soap,1
Tresamme conditioner,1
Fast wifi \u2013 114 Mbps,1
Wifi \u2013 2 Mbps,1
or Kirkland conditioner,1
6\ HDTV with Chromecast,1
Dove or Kirkland body soap,1
Other stainless steel electric stove,1
or Kirkland shampoo,1
Trader Joes shampoo,1
Wifi \u2013 15 Mbps,1
Yamaha 5.2 sound system with Bluetooth and aux,1
Fast wifi \u2013 417 Mbps,1
Fast wifi \u2013 602 Mbps,1
Samsung- Gas stainless steel oven,1
Bronner soap body soap,1
Wifi \u2013 8 Mbps,1
36\ HDTV with DVD player,1
47\ TV with Amazon Prime Video,1
Backyard - Not fully fenced,1
Fast wifi \u2013 635 Mbps,1
Viking  single oven,1
2in1 conditioner,1
Marshall Bluetooth sound system,1
Amazon Echo  Bluetooth sound system,1
Fast wifi \u2013 259 Mbps,1
Fast wifi \u2013 96 Mbps,1
Amazon Alexa Bluetooth sound system,1
Dole conditioner,1
Dole body soap,1
Natural shampoo,1
72\ HDTV with standard cable,1
Aesop  body soap,1
Fisher Pykyel refrigerator,1
66\ HDTV with Amazon Prime Video,1
Fast wifi \u2013 403 Mbps,1
120\ HDTV with Apple TV,1
Bose SoundTouch Bluetooth sound system,1
Na shampoo,1
Na conditioner,1
Aesop  conditioner,1
Miele 8 burner with grille stainless steel double oven,1
Na gas stove,1
Variety  conditioner,1
2in1 shampoo,1
Neutrogena Rainbath body soap,1
Kiehl\u2019s Amino Acid Shampoo  shampoo,1
Any non brand conditioner,1
Any non brand shampoo,1
45\ TV with Chromecast,1
Fast wifi \u2013 728 Mbps,1
or other paraben-free brand shampoo,1
Aesop  shampoo,1
Canal view,1
River view,1
Organic Soap body soap,1
Fast wifi \u2013 766 Mbps,1
or other paraben-free brand conditioner,1
SubZero one shelf available refrigerator,1
Wifi \u2013 32 Mbps,1
Na oven,1
Na body soap,1
AVEDA Rosemary Mint body soap,1
Xbox 360,1
Desert view,1
Nature Aloe conditioner,1
Paid parking garage on premises \u2013 4 spaces,1
olympic-sized,1
infinity,1
Shared outdoor pool - available seasonally,1
and Xbox One,1
Nintendo Wii U,1
Fast wifi \u2013 179 Mbps,1
Nintendo Wii,1
 Pantene conditioner,1
Private gym nearby,1
Wifi \u2013 11 Mbps,1
Fast wifi \u2013 726 Mbps,1
ethanol,1
AVEDA Shampure conditioner,1
Paid folding or convertible high chair - always at the listing,1
Nature Aloe shampoo,1
Fast wifi \u2013 817 Mbps,1
Fast wifi \u2013 678 Mbps,1
Fast wifi \u2013 638 Mbps,1
Fast wifi \u2013 457 Mbps,1
TJ's teatree tingle conditioner,1
Breville single oven,1
Soapbox Coconut Oil Moisture & Nourish conditioner,1
Method Simply Nourish body soap,1
Soapbox Coconut Oil Moisture & Nourish shampoo,1
Fast wifi \u2013 232 Mbps,1
Blomberg stainless steel gas stove,1
Fast wifi \u2013 76 Mbps,1
Bose Soundlink Bluetooth sound system,1
Breakfast bar \u2013 5 seats,1
Full size with indoor ice and filtered water refrigerator,1
42\ TV with premium cable,1
Blomberg  stainless steel oven,1
Blomberg refrigerator,1
Brand changes upon available brands conditioner,1
Kiehl's Hair Conditioner and Grooming Aid Formula 133 conditioner,1
Fast wifi \u2013 813 Mbps,1
Mrs. Meyer's Clean Day Body Wash body soap,1
Various  shampoo,1
Paid valet parking on premises \u2013 25 spaces,1
Liquid Dr. Bronner\u2019s organic - eucalyptus body soap,1
Fast wifi \u2013 555 Mbps,1
Everyone 1in3 EWG verified body soap,1
Fast wifi \u2013 217 Mbps,1
30\ HDTV with Roku,1
Apple HomePod Bluetooth sound system,1
Viking stovetop plus convection oven stainless steel oven,1
CitizenM shampoo,1
6 burner chief stove stainless steel gas stove,1
Fast wifi \u2013 149 Mbps,1
90\ HDTV with Apple TV,1
Fast wifi \u2013 598 Mbps,1
Insignia refrigerator,1
Bang and Olufsen Bluetooth sound system,1
Bosch  oven,1
75\ HDTV,1
Fast wifi \u2013 153 Mbps,1
Tresemme products shampoo,1
Fast wifi \u2013 224 Mbps,1
Body Wash body soap,1
56\ HDTV with standard cable,1
ASCO gas oven oven,1
Olay SHEA butter  body soap,1
Dove  shampoo,1
86\ HDTV with Chromecast,1
50\ HDTV with HBO Max,1
40\ TV with HBO Max,1
Patene shampoo,1
Blue Star - Full Sheet Pan stainless steel oven,1
Blue Star Six (6) Burner stainless steel stove,1
Tresemme products conditioner,1
Samsung stainless steel double oven,1
Samsung induction stove,1
Fast wifi \u2013 554 Mbps,1
Glycerine  body soap,1
Bosch  stove,1
48\ HDTV with Apple TV,1
Frididaire  stainless steel single oven,1
Fast wifi \u2013 115 Mbps,1
Fast wifi \u2013 214 Mbps,1
Paid parking on premises \u2013 5 spaces,1
Onkyo sound system,1
Misc body soap,1
Misc conditioner,1
Denon sound system,1
Bosch stove,1
Fast wifi \u2013 460 Mbps,1
Bosh refrigerator,1
Shred with other housemates  refrigerator,1
Alexa,1
Google home Mini sound system,1
Fast wifi \u2013 370 Mbps,1
2 Burner Glass Stovetop electric stove,1
25\ TV with Amazon Prime Video,1
47\ HDTV with Roku,1
Bosh stainless steel stove,1
Wifi \u2013 12 Mbps,1
Paid standalone high chair - always at the listing,1
Random conditioner,1
Frididaire  refrigerator,1
Ginger Lily Organic shampoo,1
TEA TREE TRIPLE TREAT\u2122  conditioner,1
Aussie conditioner,1
Everyone Soap body soap,1
Aussie shampoo,1
Sonos Era Bluetooth sound system,1
TEA TREE TRIPLE TREAT\u2122 INVIGORATING SHAMPOO  shampoo,1
Fast wifi \u2013 136 Mbps,1
90\ HDTV with Amazon Prime Video,1
21.8 cubic feet refrigerator,1
water filter,1
stainless steel,1
French doors,1
Bosch,1
Ge stainless steel oven,1
Shelf in fridge for guest use refrigerator,1
All brand body soap,1
Fast wifi \u2013 109 Mbps,1
Generic refrigerator,1
Ginger Lily Farms Club  shampoo,1
Ginger Lily Farms Club  conditioner,1
39\ HDTV with Amazon Prime Video,1
Pantene/Dove conditioner,1
Pantene/Dove shampoo,1
46\ TV with premium cable,1
La Cornue oven,1
45\ HDTV with Netflix,1
Pioneer sound system with aux,1
Fast wifi \u2013 441 Mbps,1
Fast wifi \u2013 183 Mbps,1
37\ HDTV with Netflix,1
Fast wifi \u2013 341 Mbps,1
Fragrance free from Whole Foods body soap,1
Massage table,1
46\ HDTV with Chromecast,1
Samsung stainless steel stove,1
55\ TV with Fire TV,1
22\ TV,1
Hot plates electric stove,1
Media room,1
Security system,1
Polk sound system,1
Clothes steamer,1
Dove Soap Sensitive Skin body soap,1
Amana refrigerator,1
O\u2019Keefe & Merrit stainless steel single oven,1
Loccitane  body soap,1
Fast wifi \u2013 363 Mbps,1
Wolf brand new 2023  stainless steel single oven,1
Mini Fridge refrigerator,1
Fast wifi \u2013 610 Mbps,1
Denon Bluetooth sound system,1
Fast wifi \u2013 675 Mbps,1
Alexa sound system,1
conditioner and body wash shampoo,1
Paid parking garage on premises \u2013 100 spaces,1
Mini-fridge refrigerator,1
Shikai  body soap,1
Manuka - Eco Friendly conditioner,1
Fast wifi \u2013 404 Mbps,1
Jason org\u00e1nica  body soap,1
Jason conditioner,1
Jason shampoo,1
Fast wifi \u2013 537 Mbps,1
Trader Joe's  shampoo,1
Manuka - Eco Friendly shampoo,1
Manuka - Eco Friendly body soap,1
Natural  conditioner,1
ASCO - high end Swedish brand  stove,1
Harman Kardon sound system with Bluetooth and aux,1
48\ HDTV with DVD player,1
Dove bath bar body soap,1
Unknown single oven,1
Unknown brand refrigerator,1
I usually have Hugh end hotel body soap (Ritz) body soap,1
Natural  shampoo,1
Kenmore oven,1
27\ HDTV,1
and not meant to be shared. refrigerator,1
Quality Brands vary body soap,1
Gas stainless steel oven,1
Fast wifi \u2013 354 Mbps,1
Quality Brands vary conditioner,1
Quality Brands Vary shampoo,1
Google Audio sound system with Bluetooth and aux,1
Fast wifi \u2013 730 Mbps,1
Designated shelves for Airbnb guests.  Host lives at the unit so there will be food already in the fridge,1
Aveeno conditioner,1
Some pots and pans are kept in the oven oven,1
steam + convection + gas stainless steel oven,1
Thermador dual oven,1
Fast wifi \u2013 266 Mbps,1
84\ HDTV with standard cable,1
Thermador 6 Burners stainless steel electric stove,1
Aveeno shampoo,1
Fast wifi \u2013 155 Mbps,1
Fast wifi \u2013 365 Mbps,1
21\ HDTV with Amazon Prime Video,1
Fast wifi \u2013 785 Mbps,1
FEKKAI shampoo,1
Whirlpool  single oven,1
Dove/Olay body soap,1
Shea Moisture/Pantene shampoo,1
Oribe body soap,1
Shea Moisture/Pantene conditioner,1
100\ HDTV with Netflix,1
Fast wifi \u2013 720 Mbps,1
43\ TV with Disney+,1
We provide shampoo and conditioner conditioner,1
Whirlpool electric. electric stove,1
Bosch stainless steel induction stove,1
Herbal essences shampoo,1
Fast wifi \u2013 442 Mbps,1
SubZero refrigerator,1
Fast wifi \u2013 386 Mbps,1
FEKKAI conditioner,1
Harry\u2019s body soap,1
Pantene Pro V body soap,1
Natural ingredients shampoo,1
Large Haeir Refrigerator refrigerator,1
365 body soap,1
365 conditioner,1
365 shampoo,1
Natural ingredients conditioner,1
Fagor stainless steel induction stove,1
Natural ingredients body soap,1
38\ HDTV with Amazon Prime Video,1
Frigidaire  stove,1
Fast wifi \u2013 302 Mbps,1
Public Goods  conditioner,1
Fast wifi \u2013 142 Mbps,1
JennAir stainless steel double oven,1
JennAir refrigerator,1
Public Goods  shampoo,1
Fast wifi \u2013 116 Mbps,1
Fast wifi \u2013 451 Mbps,1
Pantene Pro V conditioner,1
TV Sound Bar sound system with aux,1
Dial body wash  body soap,1
O'Keefe & Merrit gas stove,1
N/A conditioner,1
N/A body soap,1
N/A shampoo,1
GE Cafe stainless steel oven,1
40\ HDTV with Hulu,1
GE Cafe stainless steel gas stove,1
Puracy shampoo,1
Fast wifi \u2013 613 Mbps,1
53\ TV with Amazon Prime Video,1
Puracy conditioner,1
Fast wifi \u2013 241 Mbps,1
Fast wifi \u2013 395 Mbps,1
68\ HDTV with Netflix,1
Wolf stainless steel stove,1
Fridigaire refrigerator,1
Dont know brand but it works great oven,1
Samsung electric stove,1
LG  refrigerator,1
EO of the like shampoo,1
Sony 5.1 Surround Sound sound system with Bluetooth and aux,1
Kirkland sulfate free shampoo,1
Sulfate free kirkland body soap,1
Method  body soap,1
Everybody Organic body soap,1
LG Electric stove,1
EO of the like conditioner,1
EO or the like body soap,1
50\ TV with Netflix,1
Fast wifi \u2013 646 Mbps,1
Nexxus  conditioner,1
Small electric oven suitable for baking meals serving 1-3 people. oven,1
Dove Body Wash body soap,1
49\ HDTV with Apple TV,1
Various brands conditioner,1
Fast wifi \u2013 527 Mbps,1
Sony sound system,1
Hot Plate induction stove,1
Avanti stainless steel single oven,1
Viking 36\u201d stainless steel oven,1
Sonos around the whole home including the yard sound system,1
L'Oreal shampoo,1
Fast wifi \u2013 347 Mbps,1
L'Oreal conditioner,1
Fast wifi \u2013 147 Mbps,1
Lebherr refrigerator,1
Private BBQ grill: electric,1
Fast wifi \u2013 842 Mbps,1
Portable Induction Cooker induction stove,1
Fast wifi \u2013 740 Mbps,1
47\ HDTV with premium cable,1
3 in 1 body soap,1
Gas oven oven,1
Black Decker  stainless steel oven,1
Fast wifi \u2013 182 Mbps,1
Sonos Arc -- Atmos Soundbar sound system,1
Viking Range refrigerator,1
Soundboks  sound system with Bluetooth and aux,1
Toaster oven oven,1
Conditioner  conditioner,1
Danby refrigerator,1
Countertop Toaster Oven oven,1
Kiehl's body soap,1
Kiehl's conditioner,1
Fast wifi \u2013 90 Mbps,1
Shampoo  shampoo,1
Bar soap body soap,1
and PS3,1
Fast wifi \u2013 221 Mbps,1
PS2,1
Game console: Nintendo Wii,1
CUSIMAX electric stove,1
Fast wifi \u2013 439 Mbps,1
Game console: PS4 and Xbox 360,1
GE 4.8 cu ft. gas range oven,1
Fast wifi \u2013 336 Mbps,1
Fast wifi \u2013 651 Mbps,1
Sukin  shampoo,1
Fast wifi \u2013 262 Mbps,1
Not sure conditioner,1
Fast wifi \u2013 398 Mbps,1
Fast wifi \u2013 145 Mbps,1
Fast wifi \u2013 345 Mbps,1
Marantz sound system with aux,1
Fast wifi \u2013 84 Mbps,1
Kiwi body soap,1
Tom's of Main,1
Blue Star gas stove,1
Fast wifi \u2013 339 Mbps,1
25\ HDTV with Amazon Prime Video,1
24\ TV with Amazon Prime Video,1
Fast wifi \u2013 739 Mbps,1
Audioengine  sound system with Bluetooth and aux,1
Eco shampoo,1
Eco body soap,1
Eco conditioner,1
Private in-unit mini-fridge. refrigerator,1
Fast wifi \u2013 366 Mbps,1
Giovanni conditioner,1
Fast wifi \u2013 644 Mbps,1
55\ TV with Netflix,1
Fast wifi \u2013 648 Mbps,1
24\ HDTV with Roku,1
Ginger Lily Farm Botanic body soap,1
conditioner,1
Ginger Lily Farms Club & Fitness Moisturizing Conditioner. 100% Vegan & Cruelty-Free,1
shampoo,1
110\ HDTV with Amazon Prime Video,1
Neutropenia  body soap,1
Ginger Lily Farms Club & Fitness Moisturizing Shampoo for All Hair Types,1
Fast wifi \u2013 548 Mbps,1
Ginger Lily Farms (100% Vegan & Cruelty-Free) body soap,1
Ginger Lily Farms (100% Vegan & Cruelty-Free) shampoo,1
Ginger Lily Farms (100% Vegan & Cruelty-Free) conditioner,1
Paid parking lot on premises \u2013 10 spaces,1
78\ TV with Apple TV,1
75\ HDTV with HBO Max,1
