Id,price
PSJEN,78.02
PVZW7,118.25
EJLAM,96.16
SDHPB,64.8
MJGYX,326.58
W2IB5,828.62
QQ6N7,92.29
KZ8D0,346.65
6GVSR,206.96
M13UD,213.69
JGFX2,122.12
SWFBE,116.33
AGG3O,77.16
8SXGU,195.27
8UQUQ,93.54
RWSBZ,289.27
CP2YK,206.34
0UCG1,226.67
N5NBU,232.52
RXDRA,395.54
27BDQ,78.15
DQFIY,177.57
4HRAF,217.55
PDWVC,178.79
G5EYJ,333.72
3IKG8,182.41
EPXVM,70.27
1JEZF,210.23
DQMFO,67.94
STTV9,127.15
P4KXV,209.25
A674U,287.39
R9H7N,50.85
6D5IK,206.09
BZ7OW,209.59
DFIHL,248.66
W2ANQ,115.36
8GHVJ,43.75
NGVRV,149.05
YWB7E,219.33
9OQ8H,382.2
A9ZUC,96.6
0KTAT,807.14
EFH52,1705.18
SVGB8,54.17
Y1V2Z,136.32
FS5NB,51.04
4RPAU,553.95
LVNF6,409.01
CYPSM,237.81
DSO0M,176.69
M3ACR,141.32
5L50R,88.75
NTRRT,94.06
A7LZK,67.88
RU0FN,69.6
F6PFT,306.78
CZ87K,270.81
YQA3V,186.55
QRLCI,306.48
NX1FT,67.07
YVEVU,148.75
QJTED,52.41
SRM83,93.73
RCL70,84.93
G9W6L,60.25
DIFMN,143.56
BBKR1,49.5
U0JSY,96.99
IZSTN,141.4
8E88L,109.13
8Y6GN,199.34
RKVBT,241.86
237ZJ,68.79
IYIJ4,51.2
YZGC0,66.12
SJZGW,240.87
GYY14,65.35
X0WCC,832.12
MT2VJ,250.47
WZBUX,263.3
EFRXO,59.28
JCYGL,269.36
MAIVS,56.93
XRZAJ,84.75
NVORT,82.07
VVORD,59.02
0MJI6,168.49
N2HY5,352.25
BZBGI,130.67
YGOKR,206.29
ITPMU,201.12
VIFI5,60.42
N58DR,111.7
AKEJQ,142.99
727KF,58.35
8VLUJ,192.58
XHNBZ,102.34
S0PGX,194.13
Y34EV,67.55
FZP4L,128.41
ZMP4A,68.29
VOWIY,90.12
IAMA5,92.79
X7I0M,976.11
URP86,181.42
AIJMH,140.91
XA3O1,84.03
I8BXR,159.47
KS4K1,241.97
NRE9B,41.62
NQQZ5,154.05
FSBE0,89.03
LUXQP,345.97
ZZFPV,77.46
BXXS4,319.77
EAPAB,96.08
JSOYD,179.29
BBYRE,50.89
BNXDV,77.62
5S34I,126.19
3XLB7,47.07
1RKHW,131.91
YZ7H7,148.61
SZMVD,136.28
KPHGW,293.53
P0CLW,338.01
DAMSV,137.75
NSE43,91.08
AILIP,471.64
DVAQ5,60.37
MAQEI,141.84
PK0WF,97.82
FWV5N,443.55
OLO9A,170.4
6U5T0,77.04
9T8KY,302.38
5DYDN,195.88
OGMI8,289.5
CJ08D,252.24
TYHNM,129.76
7WFXL,81.08
3Q27W,143.24
H4I4X,214.11
CZ5HY,154.37
2CRD9,349.52
CRMW9,205.93
F5BHJ,38.68
UJDBB,166.23
P5TLG,92.1
FL4W8,831.52
XEXHT,85.71
S0PXG,109.39
BSO8R,115.97
48XUP,137.9
JIC3L,524.36
UKKYH,86.33
2ECHB,246.78
MTNOV,88.6
VPVX1,125.39
1QMWD,123.01
XBPK3,808.73
YMMIZ,174.96
GD0L2,93.04
RMPMB,63.65
KWPGJ,110.22
OYNWD,496.1
PUD5Z,187.15
PR7XD,113.35
D47GJ,107.97
61DHI,140.51
EZGZM,328.25
1BLQQ,126.45
M1U0O,111.92
RMHFR,187.43
F70IB,74.03
I64PE,244.47
YFL3B,9999.0
9NLZ4,98.81
V4C3F,85.55
HZFOM,93.15
TYUSC,237.54
SGCXB,396.96
83BEJ,198.61
J2YZZ,111.18
ZSO74,284.04
I52OO,285.99
3NXPW,140.03
VY3LK,58.18
YIJSE,124.44
Y7ZJP,374.46
5ZCZC,294.41
VFBGY,113.59
CYDWT,174.19
GVB85,215.02
BSZI3,128.68
4OLRX,309.39
LW6JE,326.55
FQUF5,142.52
KIRAO,119.51
FOJQ8,505.62
CYWAU,53.46
PENXD,100.28
TGD4F,55.1
OHRDA,176.06
9O6I4,502.47
VXQMW,137.41
8FI93,134.48
YGV5S,143.96
OFIVI,222.75
HPJQE,490.67
PTOZE,390.22
1W0JW,121.97
58IMQ,157.27
BDX7X,124.88
XT5QI,146.86
GHM51,112.9
C7GLA,146.87
AMB4Z,154.12
KIUHW,85.9
C0ESZ,152.8
5IXXZ,72.17
B5N5G,297.15
2RFZI,306.39
YKNOS,186.52
8LY2C,78.29
UIU6S,69.42
XPCLM,134.6
CBZFX,749.51
CA0XI,279.75
OISKQ,63.09
RACD0,328.58
MLNXR,79.89
EEXB6,109.79
YOC4F,116.49
O9VS9,197.8
9OCMO,42.91
5YMHR,544.64
QIQKT,77.93
Z8BJK,131.88
JVMVK,272.82
ALOYT,65.07
ZAS8J,113.06
PGM1N,451.39
AXLOM,95.08
CP7JU,70.66
Q1NJS,306.61
5NEHP,103.44
EOQFD,697.79
FLV7P,277.96
AD5JH,313.72
LWCN3,122.57
VQQOC,100.7
TIYLM,134.98
XFVPN,91.27
D2WEN,49.46
6ICVR,77.85
KVZXE,468.71
2X9EV,105.69
U0BSV,292.1
VYXF7,153.16
FPOCN,296.7
KU2FH,198.32
XGYS5,800.54
6HCQH,66.62
JUBMB,366.34
OJUCB,201.81
PLUSQ,50.34
OY9XN,142.92
ZZXHQ,365.03
YANKV,102.59
VUHOH,149.5
AHQ9I,29.1
LOCWE,101.38
4MSPR,152.58
YNBUM,306.4
2L3L8,189.61
JHALJ,130.41
US1Y0,161.13
DYT2I,132.43
BUFX2,231.47
BCMFA,39.06
ERFUN,278.05
XYO8P,664.47
WIINZ,107.56
G8MIB,54.59
5VGWA,117.67
6WMLI,106.93
GLIE6,168.02
UJCSJ,162.81
D9RR6,106.32
1EMSK,80.62
XTIS6,85.01
FXHUZ,313.61
YK7OM,63.12
XRSJL,141.19
96OYY,398.54
UAPG1,316.23
JZHNV,113.16
PS7EJ,95.08
YYE9I,108.09
CONDE,73.67
GKLZQ,154.84
C1VOO,330.32
VD5QM,99.67
LSHGH,76.69
ETEXG,169.21
NUOYK,147.25
7Q6AC,168.57
ZE6P9,168.19
W7CNE,225.89
NTYKH,85.82
ZR3QV,131.44
RYP2Z,246.08
3Q3F8,100.99
A3YT6,304.55
EY6N9,124.96
SK0HA,1064.34
D2TZU,71.51
QXSUD,149.28
DP6YU,111.98
20YJI,61.37
4UONV,146.65
ILMSL,89.8
UFIII,72.63
UJVOP,189.6
Y0AP4,357.23
3LOFP,287.94
6IAQ2,110.69
ROBXA,479.14
I1NFK,48.86
J2WVV,214.11
O0WGR,136.53
WLGAM,933.16
IQV59,127.68
Z7RNP,146.05
Q11DU,347.11
EZR9C,1941.7
XD6KZ,73.85
U20BD,209.26
YLFED,141.0
N3B6M,188.43
EG9AR,103.47
JYPAY,235.19
EY4SN,47.14
REIJ9,930.48
U47O9,235.13
G145U,68.94
RBSJ0,149.66
TQMNF,130.04
WCTXU,200.03
L8Z4X,61.51
SFFJI,228.34
VW26K,116.81
K2SRN,85.13
C9SQ0,230.82
ULCH5,72.72
XGEUW,170.02
IPYY1,114.88
5DO3Z,252.76
PGS1H,97.12
R5M4H,77.71
FNBJR,323.92
EU7KP,75.66
KFOHQ,61.2
VMGTW,202.45
JGBJS,158.47
LLBQL,149.5
BLJX9,276.83
EZUNN,1001.82
9FP14,322.91
FZUW4,147.0
CNCBB,39.76
GCJD6,294.5
JUIY6,48.6
4ENLA,926.02
WLB6X,82.94
MGL4T,308.68
R9XBF,39.15
HQHEV,135.93
SA0ZM,190.07
QUUFB,84.04
PPRA3,111.49
IHJ42,434.46
O92RP,248.67
6EHUR,186.54
ZAN7R,247.78
K55HG,293.56
LEEGO,75.71
924JA,79.2
BVCFK,515.88
IQYJH,126.13
LYGZ2,157.13
H7YFQ,449.04
MKZK0,196.96
F71JF,134.15
UL4BH,157.43
1SIY5,103.84
CIQYO,80.14
CNM9D,142.9
IQ1VK,119.45
BEB2B,428.64
KPDAY,182.03
HZZNA,226.97
BUM4N,76.93
ATMJW,173.44
LAEN5,221.83
FVQMO,97.25
RKTMG,156.8
DTGZA,59.45
SPKIE,181.68
7JYXQ,197.62
A1XH2,73.13
HF8YA,525.4
NLGKY,411.56
MK6L0,179.84
DRXIJ,424.99
MDBJ4,63.85
R3Y2T,261.45
MBGXD,54.79
ABHYR,138.73
93D8R,247.39
KL28X,135.11
DVWPM,422.71
1LNCW,413.15
ZKUUS,207.42
BMD0C,163.91
XHJDY,245.04
3AZGV,155.12
INQIF,318.66
69YZF,274.43
RRQFA,101.24
YMIQM,165.78
XSXMZ,417.13
I8O1X,174.64
UO9A3,231.76
ZJZRF,862.08
IAJEF,59.43
R9YG5,66.96
LVAZU,9339.04
RODIX,158.32
JHUYL,97.99
IYMLR,39.81
WW222,117.31
RMCGJ,149.67
AYG0H,54.09
OH2D2,540.14
ZMECM,235.64
IMTVF,103.92
CXDVO,76.68
EPLOX,91.92
UOB5F,75.28
HO7RU,107.49
GIQUN,174.61
VVMNC,206.86
GZOTB,114.86
KBCAD,88.86
8Z7TN,63.4
Q2O5G,163.53
NHHDE,116.96
OYZLH,225.92
74ZLM,56.16
WHK61,79.4
BDKFY,121.59
K6XFW,83.83
JDAZP,191.53
SSD9W,278.16
RBC6D,277.86
JIGYT,246.24
MQL9C,64.08
PIKTG,132.24
YHXGB,365.01
CYERD,107.18
R8MPB,141.84
2PFYG,95.57
UKEQ3,315.38
ZFQJW,131.69
UJA48,115.14
1BU1B,327.58
OFQ8W,102.87
XVXB7,71.29
XCS1Z,2932.48
BWUKZ,167.17
KVZ6P,662.63
BJ2RX,139.53
KU65N,69.72
OZS0H,55.19
WNOCH,119.83
54FJZ,66.24
XX55F,104.85
DPWQW,496.07
NFNRW,140.44
EO32Y,163.55
U2NDW,164.33
GJCYK,198.9
B96DS,64.11
SKDL1,294.4
SSLS5,102.23
TCSTJ,310.45
MHLHZ,185.57
52ZTJ,118.43
VFADP,317.58
5ETH7,922.76
QKOAZ,57.75
ZOKNQ,127.35
1V3JA,102.12
UPNU5,150.75
ABCSV,57.45
RPZY1,60.89
TDCQU,104.02
N2X68,201.62
IO7S5,202.09
Q2WV1,167.59
XYUEE,66.28
RHINX,155.1
PAVAW,203.67
TIOJM,310.49
PW7QG,107.13
RQTAM,141.28
9QMC4,252.79
CU4S4,392.93
WIVXQ,90.81
970EX,206.25
DLGYM,134.51
H3ETS,184.1
FHRYG,76.25
FZLZP,130.59
PWPDH,143.87
VOAIF,249.93
OVHAR,278.83
XGN4D,185.59
TKT9J,137.45
7E5WO,173.72
4BD1M,113.69
0IVOE,83.34
0Y31B,143.95
K3MDA,370.82
B2YWG,62.85
VSZ5M,57.75
6BBZH,136.99
XKHTW,291.97
1LTYI,177.36
OW509,117.81
4CIN1,228.54
FN5GC,231.66
XGGJU,207.44
WMTBF,144.35
ITI59,67.29
5XRSV,465.08
ZSHHP,178.2
WOHWV,68.1
RXITE,126.69
QZ5DH,154.01
T9DW5,91.5
A5BOH,157.82
2VD3J,78.45
ADPFE,268.76
LDFPF,138.89
ZNWRI,97.68
XZHAH,56.46
0KTMK,239.11
2IIOD,134.21
ZRUR3,547.49
DNVAE,77.57
PHGZ0,111.42
PSTH6,63.88
1VAM0,403.91
NOE7N,162.06
77VHY,71.03
HV3TD,243.78
BJVZ6,819.65
BNQD0,207.23
NDTOB,302.63
BBZQN,51.21
GLG6C,288.99
NE6JQ,145.48
AA7RY,257.98
NFXSI,185.59
7EMT7,86.06
ASDN3,365.85
NZ2LI,111.53
9INWP,85.72
5NODI,317.1
BF2RO,100.43
GK9AL,131.4
D7QDX,54.57
G0TXK,269.86
HCRIL,80.64
OLXAM,130.93
TXMFS,179.96
KZA7J,134.64
GCJCA,99.89
BOFGO,52.85
N1540,144.39
QQIJX,303.0
XK39I,144.87
HJRUZ,143.03
YDIGK,58.32
B5JFM,39.96
NK07Y,83.41
FYWIJ,261.46
RRZE9,129.93
G23HI,223.58
YNPZQ,417.39
N7QMD,117.27
IFITA,72.27
EQMZP,64.28
F1CK9,171.66
O9482,268.24
LJY2O,268.26
HFYJD,125.6
JXW2D,2910.55
NCKCC,186.8
RRHCX,146.6
FWOF6,735.95
ASCEP,92.3
CDKPT,224.49
PBSY3,281.02
8CUCI,495.79
FJTYU,810.78
FU4VH,185.42
7WTFU,296.58
YVFQM,434.84
JS0QG,94.93
WEALY,201.29
ELKCL,74.41
ZJJCE,149.53
UGKGB,197.1
YV7Q5,245.12
YAT3W,197.21
GO5DW,73.58
OEHCS,51.1
OF0DR,103.57
CHSQ5,95.08
2NCP5,139.73
VQYXY,125.99
DFKOO,257.32
68DEL,181.39
JGXRC,201.43
NSOB9,131.92
P6Z8D,75.04
WZLF5,101.25
OEB0P,61.57
AE6NS,162.3
ER7AE,108.69
8OL8N,56.96
1JFK1,149.25
0A69B,263.26
EG8RA,150.77
GOPDI,230.15
QKJ49,146.32
7RIEJ,213.55
ALWUX,85.31
PEBB6,184.89
YK1SQ,179.43
GN7FH,600.66
P8LK6,102.56
FZUST,174.4
V1ADI,174.69
FF5I1,400.16
MIIJC,429.15
SZKJ4,130.35
MYJNY,616.07
JYTRB,73.56
VE9FH,166.9
UEJXA,58.9
H87UZ,240.63
5SSSW,245.67
I1LOX,73.84
84ISM,576.68
8UCXQ,235.58
BQXI9,469.49
NMK3T,52.09
9UQPO,91.18
E0DUV,137.29
GRL7G,75.13
ZSXXR,155.22
6GZMA,261.35
GJNOF,373.22
27XYA,347.03
SZ4L1,145.9
GKIOV,103.54
UDQQS,469.77
VFWJV,170.49
P2TOG,57.81
7MGNB,167.82
WEQBV,347.36
JPJYG,208.8
O0IO5,335.32
HF3S2,95.45
FNCRF,240.25
PMBUZ,454.97
5FJWK,237.19
IMREH,46.73
KVS2T,337.46
D8EU2,185.12
H010B,128.23
S1Z2B,350.55
KYGEY,148.45
QY5IB,73.58
0LXKG,1201.5
AV4BU,500.98
UTSP8,167.7
LTT7J,315.04
IWAWJ,200.46
IXI0S,552.86
9CDF7,159.62
4WYC7,168.26
45CU5,172.8
EXKPH,169.13
JSEUZ,188.84
YODFI,263.35
FSBB8,130.28
UN8IB,148.99
DBVRI,441.22
CBTHM,90.05
YUK8P,102.25
31QPF,69.17
4OWQA,278.69
OCOAM,199.23
IZC1K,73.22
RSMJ5,586.39
O51GH,181.29
TRLFK,460.02
I6CUI,299.74
AXEWY,46.51
HLIK1,153.32
GTLAI,46.1
IO379,100.94
PN07Y,200.72
MKLPA,126.9
2RHRR,121.58
PWK9I,192.54
TSX4Z,134.22
VSZAD,79.92
ULOLA,383.39
YRGSX,59.63
D5L8K,122.67
MB2G7,209.42
HKXRA,257.47
LGGYN,179.2
9ZQCQ,276.83
TZPZM,332.45
DG541,451.42
FFSYV,169.32
SUN4Q,57.69
NFEMJ,97.7
EM3PX,65.93
0JDXD,191.5
WXURQ,436.52
CKXBI,95.09
CH9TM,227.642
JHTRA,454.37
4ALA0,91.45
VNO3C,100.37
OCMME,159.09
FCLAB,55.34
L5U8F,242.83
W3F8B,286.34
2DDSY,501.06
TJDXE,81.68
4ORVU,476.59
4WSJL,241.42
33U5Q,75.31
NPDVL,73.78
TJEMI,183.76
H5FCZ,166.31
XNGFH,102.02
SYAOF,149.07
RHCE6,54.68
QRK6V,244.11
DLBHJ,354.58
L6MGY,371.79
ZY5RF,129.26
UIB18,82.7
52ZVA,228.09
8SMDI,269.32
Q1UY0,121.84
69S0W,48.61
CMHH0,234.02
WDU7B,417.1
ZMUQE,166.51
HTLGW,64.95
YOTG1,83.84
FZNFA,58.56
RQRBE,136.14
VJYWV,642.34
6RG2I,133.3
C1D8G,67.41
CDWSK,146.12
W4PUE,85.13
UT5ZK,283.41
U70AV,189.88
LHHKI,61.18
BDAX5,31.67
XIXMC,47.45
YE3CV,103.27
RCU9N,256.09
USJ6U,236.69
JGBEW,59.37
ARVTV,96.07
RBT34,101.05
XQHCG,135.96
Y8Z1F,61.0
33DLE,90.65
HAT4A,46.78
3QFZD,208.88
9E81J,944.07
SJRKT,138.17
9YJLY,135.88
YR7XR,315.51
YAPZ9,85.18
OORVD,151.16
K5RVF,96.79
8IAAB,242.81
HMSGR,102.06
CK58Z,93.62
NYRRT,56.7
6UZWL,109.75
XZHDF,413.54
WVPSA,581.24
UZTVY,248.3
9Z3EC,85.46
BEOL9,340.09
T46CY,40.6
A2TFR,91.28
KBYGJ,308.35
NMCWT,71.3
I2BYC,438.37
6UFJU,42.67
KSUUF,732.73
V8KKQ,142.88
WORZS,167.07
JGWYY,213.09
K3T9Y,125.25
ZSWAV,223.86
OTU2X,30.08
4DUJY,493.49
3GUAM,494.5
W7DEJ,55.15
Z6HF0,57.33
KE87Q,167.79
XFHCJ,75.87
1OCR5,98.47
NL6JD,88.28
2V1N4,245.83
SIALV,70.56
OO040,75.26
SGFEB,163.15
8SQGW,128.0
IFA4N,54.06
UYMDW,154.5
KFIJZ,282.49
SG4UX,161.44
L7MA9,605.14
LSJX6,49.13
R5CE5,74.2
WTAFF,72.33
H0BTY,172.6
DGCFM,113.36
ILTV4,35.75
L8QGA,327.18
HW8L3,110.86
BQGIL,526.76
LKHBX,289.72
BPYOW,294.61
BA1KK,47.55
OCBC4,222.8
1GWIP,200.21
6BGN5,121.85
EDWYG,76.8
XBG7F,127.89
DVYIP,264.85
PIFQZ,69.04
P79YQ,68.16
9DXDQ,72.21
JVDOG,177.65
S2SWG,48.52
HAE9L,111.37
7EIJS,389.64
R86P9,221.82
ZCTA4,64.11
TV406,63.73
CWDGR,579.01
KA1HM,67.81
RXWVT,82.61
VFWAS,164.05
TSEDV,101.29
FEYQY,87.87
IZPVC,231.97
LDRI9,140.14
66JK4,176.16
VCIML,2073.37
QTUVT,64.62
B75W0,182.91
ZQSH1,105.61
PQGYW,142.07
KKMQG,349.27
BPTVR,463.63
3JBLC,202.83
MIUBA,182.32
VJN90,192.65
R70BA,595.29
5IZ2T,245.55
VWRR0,92.26
EOQTX,224.56
OVWEN,91.21
15J7Q,72.2
WPXHL,82.72
PPC78,142.87
UGGM2,1337.93
JWOAI,133.43
01JNQ,809.48
DFPZC,405.05
FAWYB,91.4
HOQUS,112.06
7G9SM,72.61
QOSYV,205.21
ZLOEL,86.66
G0OAR,197.01
TIMIB,158.72
RAQBF,72.23
FV1IP,71.01
AL9PE,89.24
WBTWB,145.71
RFP4V,111.96
N7FDR,333.57
LRMYA,241.77
XPNRJ,125.99
ZMZIU,539.77
IM0ZK,66.59
QXME6,390.89
FNSXH,218.7
WVIS8,95.01
ZKTTP,130.13
K58CZ,609.03
3A1HG,473.14
RSQ8B,345.86
39SMC,220.04
O2VVN,345.08
CCBWI,153.4
POLKC,81.17
WGL5V,428.54
DW0HT,333.57
2FXNT,2441.1
PWYLL,220.67
I0Y1D,255.36
UHJJU,75.74
GMKPG,180.81
QDXME,159.73
WKLJH,154.14
CP4IJ,83.72
S3NFD,130.46
FZITE,88.15
CXRFL,150.5
Q0BFZ,245.99
22NSM,126.31
RUVKS,127.84
C25T9,107.25
IH3TJ,150.82
CCJU1,55.17
RKEHF,99.54
ZFST5,167.71
LUCLV,145.54
BGPA8,65.87
EEYEX,80.24
E3DYP,285.89
MMEFV,140.56
QXO0Z,276.02
KIINX,92.03
MQ7LE,201.51
V0INB,438.45
CYTPS,147.52
JIIX1,123.88
DOHKT,295.87
6NJ3M,81.44
6UYLR,68.81
Y9FNN,154.63
YGJ3Y,97.45
OZKQI,332.21
UTCFF,276.63
QSYUW,69.56
ROH3S,95.74
MU2NK,57.72
DKLZZ,61.82
NIIEO,486.25
0UURH,86.9
GZJG1,134.0
JBWWT,97.32
OBBUQ,227.2
GVDZQ,158.95
O9D5M,287.31
6ITSB,998.6
DIZFR,442.23
S3WGO,102.07
NZGL0,67.51
MP29A,175.77
AIBXY,160.63
1AMRV,109.3
SC0OP,213.29
GU4WO,167.39
ZPOO2,115.48
1T1RJ,218.35
5BFQY,114.61
2DIDV,66.89
9KL8B,281.92
Z4JZY,138.75
JKUTR,332.75
DGBHY,51.2
TX0NW,382.35
SEEQN,74.36
GKIGY,114.58
N9G6J,107.99
C8TCJ,265.13
6LDZU,226.94
ZMUXG,263.94
RZDGR,342.41
1KWHV,226.67
PEXRW,106.43
3BR4Y,169.68
GLCSY,186.11
1YC9Z,88.96
O3GVL,86.94
FMJFT,97.38
9ZU7J,79.14
VYYX1,84.6
8Q8TM,760.15
KTQKX,205.0
IE012,59.45
AEAR5,112.48
RSWCP,82.21
8QEAX,411.68
TLU0O,58.33
LX4LD,159.87
9MOYU,128.37
ECW4J,127.85
RUF4L,97.85
ZYBX0,128.87
EWAFM,70.89
GAN2M,128.19
W0ZG4,273.85
VQEIV,165.8
P3KTJ,120.65
IEEF6,55.97
DE0J2,191.31
B9ZMZ,309.4
DBACI,271.83
XCRHL,352.49
0X2SZ,463.76
BTPM8,168.39
NQRAS,358.04
72QJP,68.39
ROAFY,106.21
3WVUV,169.52
HGCFH,142.34
B602M,716.58
HREHC,555.41
YQP07,71.94
LRN7C,128.39
LIX1J,161.71
MRSTG,140.5
UFKOT,153.44
EGFNT,360.54
FGESF,80.67
RWNQU,143.8
TPMLZ,481.49
ZM1ZT,441.09
STCSW,114.4
YESNR,316.17
LIHRJ,49.5
RGNWK,57.1
NUHDE,98.68
JK3AK,70.56
QFZKX,182.46
56SCU,88.27
XB0SD,51.89
XAGFW,262.97
7UDKE,194.95
8TBZG,182.54
CBCGM,280.02
M4BWY,40.2
VNYPS,229.45
QFYMY,720.04
7BWFU,179.6
NVQOU,154.59
3JXKN,61.66
IXSLK,111.33
LADQF,244.54
1VJLC,1007.07
LEU6T,146.15
346D3,333.13
9M5OT,77.09
L1QMR,52.71
RLLLP,132.43
FT5RP,77.26
UYDYK,249.35
4DYDE,119.56
FW3FJ,269.89
EVQ8S,145.2
LAQAA,5265.63
TSCGY,117.11
LDWJC,129.76
RCBWF,151.59
3UNP2,128.42
MCLZN,148.75
7XLES,459.18
VGN59,318.55
ALRGW,141.63
9MN1I,73.85
AFUBS,103.7
7IGW2,306.34
LBTJL,88.96
BQ3EM,243.55
K3JSO,111.17
CIBTJ,57.81
OG8KD,59.23
D5AR7,288.39
1V5IH,145.0
TZ6U3,125.47
VTTYM,129.13
WSHF9,119.8
XYMHG,274.83
IKZKH,79.23
BKRF7,97.55
8FZRN,101.0
OETRD,176.91
W1RYY,48.32
PXBJ3,394.24
MNBS8,102.53
LHULN,123.0
BIHQL,146.97
2B2AN,305.24
NOSVU,345.7
VULN4,103.75
AOHVP,170.59
U9ZWK,69.93
X9JFD,124.53
RXUNA,296.53
R8ALY,149.97
IROEY,175.52
XKUBA,83.18
SMOUD,156.0
BYEXY,57.5
K2MLO,484.41
VQPXR,65.84
PHOD3,113.19
7XKQO,384.11
MSG3K,158.47
JAJRM,153.0
KBEUD,127.78
A5YUQ,126.82
JKD2L,128.08
ZYN40,236.64
XYGZM,189.34
LSBU0,87.97
YKLHU,138.95
X1MSF,184.62
KBDIO,231.23
8XTNC,315.26
HHGLY,244.43
UCW0E,144.77
ORBB5,192.44
ZCIQC,136.26
0FOQT,90.81
DXMAG,81.57
4C25E,249.09
Y0QKN,232.6
QKY6M,203.28
PKLDS,59.75
KE8MZ,144.17
XB6YZ,246.03
48JKQ,88.77
UWDAV,572.5
M8VUV,1278.09
IISYT,143.35
KJ6PV,57.16
DB6TZ,91.46
MRRAR,214.3
GCLNL,49.84
LUFNM,50.37
EVCCO,226.73
8P0VY,53.6
RPZTN,222.06
WFAY1,156.98
DC8DT,74.2
8FBTK,177.35
0B1HT,193.18
UAXWY,409.33
9KRB6,142.92
351RD,430.24
4R84P,182.27
UJBUX,456.97
RJ1XY,142.64
6SL6G,159.55
RGNCU,186.13
FWYCT,329.08
MZG9T,119.9
QTAOE,58.63
ZKPPS,681.49
VBBXP,178.47
BIIVV,88.51
GWBN0,84.98
FDBWK,154.75
5NBQO,234.5
CV6SG,68.64
MRAKM,206.47
2NWNS,325.64
RTZ4T,255.28
XMKW7,130.99
VLML2,106.11
1NJJQ,137.09
IV8RZ,78.85
UMPIQ,760.16
TOTWA,65.79
WQNPV,101.79
NJH5Q,386.03
D7Z4K,184.54
3FQFN,279.49
7F8IG,173.0
OBYD0,206.72
TPA0F,164.28
IX9VE,118.62
HDTYU,239.36
0EKPM,97.91
AFEXL,438.32
UYNLG,91.73
O2LEO,171.0
X8NWO,68.95
JUTPW,192.65
AMJET,431.79
IOUX4,265.29
J0ANK,240.5
BUEAX,233.29
PASOS,287.28
SKZ0A,139.51
NH8ZD,175.36
BYGJ9,241.36
QLCGP,72.41
BHD0A,127.16
6NKAD,282.1275
YWXOO,545.33
WS9GQ,152.09
CKGIO,376.42
TXEHJ,154.51
VUCJY,134.23
GYCZP,849.45
XSU09,136.32
LXCD7,282.04
SXV1G,158.81
CX8NH,63.34
ZPSEJ,319.22
RJ1UP,83.91
O4I8H,86.99
UQS0I,120.08
JBYS3,140.65
FCX65,76.69
ZCPY4,147.48
AFFBJ,87.98
PMYH2,81.68
2AILD,138.52
IPMSL,134.09
6O5RE,153.88
O7CO7,129.17
EKANT,92.4
8RVNY,175.94
PHVQG,230.63
ACC9M,306.13
6E8BR,120.63
VHHUA,92.79
NFHLE,273.34
7J2LD,125.41
IVA48,360.89
XOPEF,225.85
RNV2S,363.27
E5TJK,85.79
TPKM5,66.32
F3SZ6,1007.5
MRVRO,174.37
RIBHY,51.24
CPKRW,125.68
4CZ89,104.64
REHUU,141.96
USWLB,91.69
SGRGK,284.18
SJHLJ,125.92
ORKSE,126.91
IELBI,134.39
YXNPN,132.16
NQHDO,64.84
6ODCB,107.99
NRBGC,285.31
MKEDI,207.17
YNLVS,434.89
VXVYY,562.82
PE6RM,126.3
HX4PX,97.24
JW2QI,435.79
9YEDR,109.29
VO3RW,434.04
MKHDT,128.28
ZXMKY,227.39
4DIRE,242.87
MUN6R,234.11
ZRGFA,122.59
17RRL,165.07
QXBEF,102.78
8HSZA,70.61
QJ9XG,57.46
MG067,114.3
U8KX8,152.51
SJL4O,163.95
NMPK3,89.89
S9D42,329.52
Q7TLS,207.55
7LBQN,126.7
TIEQE,138.31
SEUQA,67.38
D0QNG,129.43
TRMUG,336.42
NESEB,157.27
RDF9J,256.73
JEDWA,125.31
ANOPL,136.16
HKEJU,159.37
ZDET2,24.46
WXEZF,2365.3
4GWX8,365.17
IUCYT,143.36
V6NJN,211.45
4WNCG,145.34
XL8RA,50.59
ID5JD,117.62
7FOMB,65.12
Y80C3,271.21
1OJHQ,69.56
SCQXX,897.78
WPFZ1,326.36
WWPNV,228.11
UQPWB,97.64
IK0VW,107.09
ZLLUI,57.56
2TFBL,67.93
KXI8F,209.62
T4GUV,310.11
GTICH,139.37
1QCBY,88.98
FL7PG,220.28
YWPDJ,236.48
DK2IZ,164.86
F3NVO,263.3
BZOSK,281.17
ED9KK,224.83
CK2I3,73.81
GZGSA,46.17
IETXT,59.52
IHGZJ,131.55
SEVHJ,295.81
QWURW,286.83
QXK2W,2156.01
TCQEY,134.91
9DOZK,135.8
0VUD7,402.19
9OWGE,127.17
ZAINL,343.9
MLJOK,1058.72
MTADW,385.45
9QDKH,114.47
O3IJS,196.56
ADB7Y,119.71
LWSEB,263.01
RLGFF,90.82
EY5EG,504.38
H2LJM,53.56
AUWXX,159.14
WNAWM,45.97
SH94T,97.92
MWD5I,162.85
GCQRD,93.05
XCDPY,937.96
7K6AH,155.83
0KSBM,423.69
6NOBC,78.75
BASDK,727.38
HSZNO,155.26
HMGUH,14046.63
XJ1QG,215.77
FHHSD,302.09
XIRVH,445.26
QFMSO,148.88
YQTAG,132.04
QGHJW,539.44
8XRSU,209.61
KSYAT,132.79
U3Z9T,97.17
SJTPM,162.97
4NYSB,304.43
TW623,77.73
VDGX1,151.85
VZY9N,50.51
ZJCBA,114.52
CLFEI,76.72
R8JIH,53.43
F8SSV,1058.74
Y0ZP7,543.75
7FYXV,32.8
OD7YZ,93.45
BULAE,172.62
90UFF,213.1
DPZCS,1317.25
BWQGC,307.44
XBFQK,460.63
SN4CN,237.42
XTFV6,240.63
UEPD9,9433.32
7C30U,79.05
A7SFC,111.27
UFZMM,156.3
T1N6X,77.05
0Z3K3,87.66
VZFRT,126.7
GDCAK,86.52
S94CI,363.6466666666667
FTORS,267.9
KGBF5,166.89
UUMBS,73.53
YDBFT,212.27
QID4V,953.61
MESC1,169.81
EWWVR,161.0
927Y3,127.06
LFGUB,278.2
Y0AUW,182.92
N0GSE,132.3
ZJIBC,159.57
9MUGK,66.57
NYI9J,70.75
IMSDL,75.86
TFYGP,178.57
OAVDG,81.95
TSWAX,180.98
DXUGW,97.78
ZRD7R,200.99
16UYQ,122.09
FGHHK,230.19
CHCWA,68.99
3ZBXG,76.16
KVLYI,55.28
BJLUU,139.21
D2OKD,105.46
LKEZZ,156.11
AUBD9,125.76
4FMVU,94.13
9VJWG,71.48
J2UFJ,129.18
WFCA3,53.18
0MPUB,153.81
QBOLA,96.35
BO1MB,115.74
VDQKQ,232.41
HAHHA,186.29
6NM21,155.14
J1UAA,235.38
UEGAT,67.57
NS2OK,57.32
GUOIK,509.73
IEYPL,114.36
FMNQX,216.89
RPDOH,142.54
HWPZ5,141.27
AJ9BE,405.58
IOC7J,150.86
LIVFK,71.81
RO4GH,128.94
XCF2O,211.95
SIC5F,217.04
38UR3,241.35
WPTYI,109.38
C5YZX,155.25
8IWDY,203.18
XYR6S,129.75
YJGZS,51.83
WMEHR,77.67
6R4KZ,242.78
33CN8,109.29
AHEJ6,149.68
YIGPU,310.14
9AMNW,284.16
T4PYR,230.71
XNDLP,58.88
23OJU,1889.14
XRPCS,317.16
HU1B1,32.82
WTTUC,88.4
DSFYS,280.02
ILJT6,341.71
HM40M,62.62
X1MYH,307.43
TUJE8,55.0
F52QJ,310.41
Y23Y1,121.33
2ANRR,175.73
RM8OI,109.74
Z8L3L,71.99
CTX0Z,1008.14
DLMOY,75.21
SRRYH,295.67
BXAOW,122.72
NK6DA,93.7
Q2GUC,510.2
JBCMC,158.39
IJYZG,166.37
QCGPL,159.96
3KGPQ,61.25
QMR0I,79.28
TA24C,221.66
FUUNH,6515.29
PLMQQ,147.01
TQM4T,142.95
DLCOH,167.41
7I0TK,123.59
EKQTF,209.74
EZYK5,488.77
7CFYF,70.57
WD9LK,82.28
YGT2J,65.98
AHRLK,85.24
Y5WB5,60.92
TKY50,136.93
4BMSQ,288.26
KEKG1,39.71
0ORXE,81.84
7PAAB,198.52
RXN9H,652.78
ORVWU,213.05
QGD39,1142.49
QBU54,250.63
A7LAW,121.03
ZNUEV,79.81
ASAYG,108.85
VCPIM,60.45
GJAPF,74.13
MHNNK,113.11
WAL9C,130.91
941KX,73.36
LJX6Y,104.24
WTR5G,120.23
HA0PA,119.82
KFSRI,111.93
ZNWPW,67.63
KY5MD,269.71
XNXCH,290.12
H0CEM,252.14
CWST2,350.2
GPIFH,180.83
SWGEI,68.52
UA7VK,361.19
WTG4M,59.01
KVNZA,148.33
R2I7Z,49.97
8VGSN,60.39
VGQRC,141.73
STVCB,248.73
HOU1Q,312.64
JGAGF,256.44
YGUSE,96.31
BWPH2,254.66
UCVSW,127.17
NIAB7,619.23
L3QX6,87.99
C9KN2,147.78
XX4NZ,35.98
D9XDP,275.09
GDRJZ,62.78
ZQMKH,83.86
HWPJS,755.03
XHTYG,284.56
ELQ5R,122.94
FQZBX,103.02
BEW0P,294.19
NWE64,641.88
JZMDF,330.12
UKQUU,667.92
6LINI,143.91
Q72J2,244.82
QD7RR,568.14
DDN0J,720.65
YEWKG,112.38
RSMAI,235.01
5KNYP,143.69
PCILY,118.44
KLTEZ,304.58
9GH1C,172.13
P88TW,160.72
PUKAO,195.59
AJXEO,98.96
IARRM,181.41
HAQQI,506.25
OQ26N,170.79
6JWHQ,103.57
YQ1BT,291.82
DQQFL,324.13
4Y7ZT,153.43
ASREZ,111.45
DLMW2,149.03
D4D8L,56.94
6WOPA,336.97
3HHAO,113.52
Y0X0I,68.51
CLULT,96.13
L64Y6,195.22
C4OH9,109.31
OIVWP,337.72
KSDG0,768.52
AUOKY,128.73
3BMCV,260.87
Z332W,75.42
LONF9,48.03
ZUMCU,92.44
AQTTI,43.46
8UFD3,311.0
0RHUY,68.27
23BZG,301.62
MJFE4,114.29
6DBI2,163.91
WGWJL,25.13
4GMDL,120.04
FWB8C,61.4
Y5LHU,64.07
ZUKP3,47.51
6BP5H,299.46
BQ3SG,128.91
OEJZF,125.9
C6VCL,94.48
VUNRR,81.54
9LXVR,447.21
BLEQW,84.63
COKYX,146.18
G71EU,250.89
FF86U,113.09
CMVSD,166.37
DXPYT,481.36
CRDSM,77.85
CADX6,456.42
IXXPV,388.77
FCVSX,70.58
GDBLH,61.18
U6CO5,127.87
6YX2L,105.1
3PS5V,428.52
S0CSQ,61.15
5XXHH,136.02
TT8WE,59.02
L99BN,91.53
WC1VD,534.75
V5LRT,179.37
CJBE8,146.54
OEL4V,124.06
G1UID,154.6
DENHE,76.27
HZWQM,195.96
6RRJN,64.24
M4NLF,49.28
OYRJC,482.23
DDI6K,87.07
FB5DY,77.86
JN5CM,64.96
XTHD7,505.02
1MLD4,130.24
TCG7M,371.64
YZAGR,165.97
CRHXR,596.62
BFDGX,145.34
Z3SKY,61.66
XHZUT,237.55
MWKPK,153.57
TAXZV,56.87
BUJHH,50.68
2EFUZ,425.53
CWPNI,92.87
DXGKF,243.38
M5XQG,150.58
B2ZPX,527.19
ZL4FA,76.2
ALX84,96.88
WTQDG,65.57
EFS2B,122.22
EYEBX,236.53
SDDKH,51.57
PE64C,119.64
Y5RZU,114.85
ZFIMD,150.99
SZHCX,197.88
SGFN6,63.85
TFCMS,82.04
DQ5GF,42.41
YWGKW,118.25
JFKXV,122.32
UZ9NT,95.28
MUJHK,96.68
VPRMH,74.65
QMX5J,445.12
LVVHO,510.95
INLDE,188.89
7XYYO,137.17
6DPPO,134.56
CNLXL,184.44
Y33OP,167.35
JO13P,54.85
ZTWB1,87.05
W3Y8L,134.75
VJDIV,261.05
YSIK3,468.31
XG7NK,91.1
JMQP3,72.32
CXCVY,146.11714285714285
PDRHR,464.72
BE2Y4,72.0
FXWFI,135.63
7GBPX,66.94
YKLMT,535.27
DOI37,201.01
S6MF8,221.68
QTUFB,333.73
ZQ6XA,159.15
R458Z,308.16
3OUZL,472.78
AE3XR,360.89
QAOG9,221.34
YVXDJ,92.79
M2RSC,528.72
DXPAM,131.23
GBXAJ,70.64
WO5RT,168.43
FXPTT,146.91
5T4DG,117.82
MULNF,335.59
PBDBG,63.68
MUTAC,167.23
8AP2U,37.08
O4ILA,161.61
JP3D9,329.06
HW8VR,136.18
J1G1E,268.71
H8MFX,205.78
ORCMI,80.27
YLTIZ,320.74
QOKWD,89.43
8MZY5,198.88
8IYYL,102.13
IJSFT,203.8
QX2RS,810.93
GBTUT,109.05
5CECO,118.6
OSMU1,76.08
STDPG,274.23
ME4AQ,146.63
REBBE,99.08
REARN,183.53
1LA3T,186.29
9VM8Z,80.97
EQIN7,321.79
YTQXX,51.2
F6LZK,99.39
Z4NEL,60.36
3VABY,69.91
MT6QI,104.79
ZESH8,86.82
AZZWH,142.26
S0WUO,117.81
CZOAL,195.28
TEKUG,230.33
VU8R2,83.49
8WCAV,112.45
5E1QW,75.68
RIM8V,247.88
CTYJ1,169.91
K4NSI,80.37
B1IAJ,66.03
2RKAA,93.15
GKOBC,50.34
KBK3S,324.72
ZSVMT,59.19
DLQHQ,545.31
MUJLZ,324.47
KYQCG,252.4
DWVER,312.44
EW6HE,38.99
APAGK,219.21
RSY9W,217.65
CL4G7,318.44
L2CMG,239.28
DQUSR,92.87
FADQA,341.31
C8PLE,43.6
LHXR6,74.1
LQOSG,135.75
3R9W7,681.64
FCOLC,74.94
1FHYA,81.16
66WJS,75.22
O7U4L,128.55
WLEDT,245.02
NUOBN,685.13
C9NDL,140.58
1PKI9,77.2
XEKIR,175.65
D3DFX,85.63
GOJXT,93.39
6YPIN,132.79
PHUA2,428.66
UKJCO,206.93
MPDTG,127.84
TFUCZ,367.25
YJAQV,385.53
NMPWD,135.31
BRLSN,180.42
9PUHD,104.04
YFPX1,853.9
VS3T3,207.24
NXWAD,79.55
HSWXD,160.01
AFAUS,1811.92
U1R96,183.33
YHVXV,273.83
52EQV,573.2
KJ4CL,57.01
MKRHQ,166.04
OTQDE,473.12
DQCDT,183.75
ZOFTO,202.03
9MASB,210.77
HURIZ,71.91
YF0VF,149.5
F4CHK,309.39
LQB82,258.13
UO09O,123.67
7BRSD,81.96
D7SFO,392.32
4YGSS,182.04
E8C2I,444.77
VQA6K,152.4
RTFKV,161.57
ERGAQ,1784.45
LJWID,78.09
IQYB8,146.15
UKMVQ,210.77
XEXFT,176.26
VTDID,157.09
EBOHU,116.22
EWDOW,208.35
VNTID,151.56
UC48S,133.16
EWKOB,431.76
WEPHE,167.8
RMOIY,83.83
ZZ11P,168.18
6JGGI,271.28
DCSV8,54.55
RJQJZ,87.76
YSTEQ,164.55
NVS83,103.97
KIQMC,259.32
H82KV,476.05
1VAYZ,121.58
2ZZ6R,192.12
NVVVM,320.55
7APRS,227.68
4LWQW,261.34
BMOWK,105.03
4NUEM,127.42
3WPSW,240.77
0T6J7,259.3
65HFE,141.95
GZMLV,203.24
YHLLK,135.59
VXFJQ,112.86
JZJKR,93.48
CMTAC,123.32
P6CJF,146.52
VMDV0,306.08
NCBIC,88.38
GDNQO,147.48
7NL6T,63.17
ZSS4C,853.98
67YDB,86.77
ZX520,185.43
QZIUZ,147.26
KRBT2,60.68
M8K4E,77.06
BALQM,627.52
A30P4,356.32
XGM0R,133.06
3FXKQ,94.54
GUHSL,144.03
MS5PU,76.38
4SBSG,73.03
MLQJP,62.52
WNRL8,102.34
8VHCY,66.14
PYFIM,119.89
ZA3GX,198.9
HFOZF,148.52
KS5HB,150.36
SDSEU,51.62
MVUG6,309.51
P0BYQ,71.82
5M2IH,348.7
0TWMO,466.31
21GUY,180.39
ADPBE,172.65
TJJVB,113.8
6JZIU,58.79
LIEVV,42.17
WAIBM,160.73
RTA7O,47.87
LOUT8,202.36
LR8HG,193.56
4URMM,109.58
ND38N,160.19
CI1WL,230.22
SOEJQ,356.88
VNS4N,182.05
8HBME,98.07
CODYG,884.74
IZVQO,97.49
UJXPH,120.06
QEDCX,471.14
GZJ5M,603.16
7H4YM,827.83
OKPVI,163.66
E5FFO,192.21
LTOZ2,976.65
NK3ZS,79.98
K4W9T,127.04
BENNZ,146.12
9KFQB,165.38
FQJAX,404.87
A8GOZ,62.85
MHC7W,162.0
C9YHD,185.28
5E4KO,442.59
9NI7T,248.03
GPBVP,182.1
VS0EH,116.47
SCJAX,79.63
4GEGJ,75.32
ANAPQ,313.65
8FEM1,813.13
EOKIX,142.7
VYCEL,171.09
PEOJW,53.15
KQSB3,136.79
AMUVG,102.46
7SPC0,127.19
4LSKN,171.82
SLSX3,100.89
QE9OZ,231.21
NQQPP,77.09
DUEEE,505.84
XP1YY,107.99
FOPNY,347.52
4XDEL,176.11
BSQGD,136.08
BACVG,183.79
MWIRD,159.23
FJQAN,107.87
CYTWO,296.96
GIF14,140.9375
FHUM2,83.45
DSSMV,35.51
CZZSZ,27.75
MTZZK,363.1
CDSN6,241.65
FAXMR,243.77
DHXTO,83.89
TO1WJ,188.6
ST7EH,94.0
SNQIJ,86.9
WIE1P,51.64
WN7Q0,132.83
I13X1,244.95
JTYGE,47.53
T99PG,297.03
0FGMA,65.03
X3MXK,786.49
ZQWZO,97.14
6ZSCE,177.65
T8QYY,160.89
PXVY7,88.08
OGZLP,374.65
YJBH8,104.05
IB1BB,178.71
ZE7HJ,287.94
STTVX,215.39
MUV8W,99.91
PPT8H,59.95
K76TO,140.39
YP113,431.0
DBTGT,755.56
TV9XC,135.23
UMJGK,661.22
MZ0MG,104.99
LCSFD,28.8
N5C29,162.64
ZHJMF,289.61
GTFBZ,139.86
UXBIU,283.41
09NXE,29.9
PUV8L,156.37
WKSGO,88.58
I31OV,59.62
2QQWD,169.63
RVK2W,270.28
PIOXG,457.36
6JP9B,263.92
BDIBA,247.66
ZWKQD,102.18
DRGKW,265.61
IGYZG,143.32
I3I1Y,652.49
TZFJR,207.8
K4RTR,105.64
ZDIGV,184.14
A16O8,288.05
RWEVM,307.79
L2HDY,80.44
ROVJ0,356.44
9INVO,166.14
JPWQR,145.51
SWEJ1,66.91
RO16D,118.32
2MX6T,503.92
IKANB,154.25
BMK3R,228.79
9FHA9,115.79
R6ZAW,92.13
ILCM5,545.86
ZBXFG,275.95
SHC1L,105.96
IV36J,1024.94
8H2UI,71.6
FEWIM,246.41
RBUKA,179.37
9IVF8,207.42
3FUBR,229.06
JFXYQ,82.9
IEJNV,236.89
EQSQN,174.04
EAICB,215.33
ACPWB,308.31
XL613,302.99
N0RO8,801.8
CQMCF,150.59
8MZSS,78.98
UCQPX,140.28
5ARKC,141.17
M7TKC,60.34
9MEJY,64.88
ULDE4,121.15
LC3SG,94.48
GPORH,80.96
NWYA5,541.3
3PNXU,468.62
DATZN,122.33
OHEBH,263.06
CISWD,458.22
NQ7L4,170.08
NEP3S,289.77
RXPPJ,131.62
ZYJQ1,218.91
ZMKMP,299.0
TF3EM,87.63
OTKG8,344.98
YXBPI,366.58
WSLHG,1072.26
6ITLT,540.97
E6KGI,369.47
INI56,75.86
0ZPT5,83.08
7ZIQS,212.71
ZEU2T,84.88
AZKAX,174.51
XWLID,258.53
C2YNK,135.93
UQZNG,9999.0
A7KLS,80.12
GPZSY,877.42
0PHTQ,73.72
H7ONL,101.38
KV1XN,190.96
NUA9W,141.58
P3HTI,93.19
XV7PA,85.87
OHEA2,46.91
EBFBU,2307.63
IUEFD,763.08
KTKVI,311.84
IMNUJ,52.75
3ASLL,260.86
LQCXZ,72.05
OG359,527.02
JP3VB,402.97
W5XLZ,171.04
EMMVV,60.18
8T9OZ,209.25
FRV8X,57.86
ERLFB,67.41
ULH02,662.24
GI7PZ,200.62
CIKR2,145.66
DUX4B,107.95
QABRE,347.65
9Y2O8,95.08
XEGNT,287.1
U0YMO,208.3
2YMFX,67.91
QLHBE,116.33
NFJJA,58.08
QBXOM,75.72
MY6OJ,652.35
TL1DX,129.11
8M6QQ,164.18
SOOMM,100.01
E0Q89,105.68
DGSXS,270.97
U7NXE,294.15
0ONHG,152.69
GJRT3,128.21
SUFBT,386.83
9QUSP,142.61
IUQ2P,165.51
BAWHA,52.29
CVL9A,122.66
ZODRU,147.15
BGVNF,50.37
CVRIU,80.31
DSZU2,308.0
OSHHC,62.0
CMJXC,93.45
CETZO,362.13
1K3QF,28.48
4UXYC,65.64
BR0EZ,64.38
CLUDQ,520.4
4CVPS,52.5
K6JQ9,168.99
NY3D3,202.35
ATZXI,92.55
84LA4,105.14
KFBQW,153.99
HPQF7,154.47
A5G1Y,56.88
IDJNA,275.59
WF4JE,325.46
VDU8S,165.02
NEGH0,123.41
XHUU1,63.87
WFJY0,248.48
HMM7D,436.64
DITUQ,154.25
W10R1,84.3
ZFAZH,79.39
X6SHQ,155.47
SS24V,128.47
P5KBC,238.01
QRWTE,95.1
8AGJZ,197.58
S2AFN,138.63
8ISVN,134.61
DHPXP,133.06
19DXV,303.56
OOQLA,177.19
H4SRY,130.56
C1BWV,41.12
G1HJR,72.07
WRVCX,110.49
FKMJX,187.28
RR4A3,121.68
UFXKT,267.79
Y2TQQ,105.09
Y0FSG,173.04
09P9C,69.16
O3CS0,212.94
VUEUI,9150.48
Z9X0C,238.09
4GNCP,337.68
LUS1B,63.93
ZPTZD,336.49
LTPYX,1174.2
19TCH,341.71
SRAEV,25.29
9D7VB,123.69
VAYJR,109.74
ENAMF,449.77
L7NIN,436.75
CN8TT,230.82
YGERV,96.59
LGWYV,345.8
LZ50K,190.57
ABQ6Y,88.21
BHEXT,88.09
VWGDP,78.41
G8SFJ,55.33
HQZYK,89.84
T29KD,93.28
OYUAX,276.25
LEDAG,51.77
EKHIF,320.7
JUZXU,256.6
ZJQAD,233.54
TXSRK,796.92
17CQU,4676.95
IK7M1,119.65
RF39H,320.72
KV7OL,66.34
KMURH,161.57
HCLSO,128.63
0GR8E,87.05
0KRQB,145.98
8I12K,293.97
QFMI3,179.64
1T4NZ,108.36
2F7TA,357.76
YFOAA,406.08
7M1V6,351.6
CZSFB,94.65
B7N8R,241.27
RBVAY,48.46
T7SDJ,78.69
D9EOI,83.71
7QRCA,179.88
BQNYZ,193.26
8VAPP,83.14
96OEI,244.07
DXTWN,302.12
CTFRD,72.53
H52W4,56.66
RS8SG,77.91
RFOY2,263.07
Q7QBP,397.71
OPPF6,49501.4
TATMD,111.51
TP6PK,324.21
8ED9B,107.62
PKQO2,248.6
5HTRC,85.39
LWHOA,159.07
L4VUC,89.81
TGKTV,132.3
DCH5F,58.12
ECCLE,89.06
SHXYT,284.39
FB3FI,89.32
5VRDR,205.3
WARG4,229.74
TRSPA,118.42
CZBVZ,117.62
URDBM,320.57
GMKTN,76.87
F1MG1,143.9
UUBVF,57.51
Y9AYG,82.48
ANLKE,217.78
DLKS9,81.76
BSFTL,619.51
WPLXX,438.65
K47XV,137.77
PVJMK,355.99
MRQIJ,241.34
AM0GH,107.5
Z20IN,83.87
UWCRB,189.92
STHT8,659.88
L8BOV,89.05
KYIBE,115.74
VKRIN,438.31
SS1QF,120.66
A0NVP,143.56
VQBEA,130.89
WXPP7,223.75
Z4IDS,267.15
NRANF,121.11
3YYGX,81.55
GBGWS,177.86
JZ66I,414.9
HXYNO,76.7
GB8FH,109.32
7LFCX,107.26
EDI1D,254.24
TMHLJ,347.83
LQBEG,419.77
0QM6V,435.07
50GFI,257.77
LC7U7,82.54
ITCXE,366.28
XWMZR,140.66
1UOSW,154.33
WJM2W,49.28
L6XGE,63.3
B0WSW,132.41
DLDBV,128.58
JEILQ,134.45
OTUJG,127.52
DQ06M,40.77
PMW7Z,122.6
77QGL,95.65
24K6L,309.89
KHEEW,94.7
OXBKG,101.72
SSNH4,106.56
PM77L,74.21
MGGZT,159.34
76LQL,306.88
W3UOR,113.5
RM15T,251.57
ZHWIB,158.2
DZWHG,233.7
KGLVJ,144.85
TNKMW,280.83
ZRJNA,133.22
RNT4M,138.56
ACMVR,149.19
24MMM,97.41
S3BQG,500.61
RW8AQ,99.23
NCLC9,146.77
CQS3E,347.24
EYOIE,255.84
WPSWB,938.46
CO0JY,100.14
RLNZA,1110.38
JR4XA,223.78
AOGBG,166.45
D9ZTS,338.77
PX7WH,317.93
ZESHU,122.94
56OBM,128.29
8JL4D,76.23
8DXZ3,128.37
9RNOG,160.87
N8RZD,119.61
GQQM1,196.11
DFPCE,274.13
92ZDA,70.27
2DLDY,223.75
9RVIJ,324.31
HDO6P,244.58
4B3CS,340.59
NFESL,97.24
NPBS8,122.32
4IGX9,233.7
2AM1S,151.38
AVCK5,362.35
FP6GU,127.59
OZMK6,183.97
7KBQG,114.85
OCLYM,73.24
DRNLV,160.21
1IB4B,270.09
PRUPE,49.55
R1W63,157.43
QCLL7,184.3
KNJS4,123.48
CVGS3,43.61
RNISI,137.02
YQITS,99.31
0HCHJ,255.1
3RIBT,46.48
ADKLO,299.38
8KPSJ,225.78
XD351,336.63
KXKNW,1066.05
DAGYN,234.12
1ISCU,632.54
XNCAK,180.86
KDYA7,362.83
UPZJB,164.85
JTCBG,9999.01
VEZ05,273.85
PL694,120.84
9Z7TI,88.19
1JEYH,85.53
JAGZW,52.98
IPYXX,84.21
IKXTG,140.03
G5NMR,223.12
40JA7,143.14
JGWBA,1189.23
JXKN9,177.54
2TPXM,331.72
SSWMX,376.74
FRSCT,111.69
5AMED,626.03
CVJGY,44.23
G4H62,109.21
FNIU9,122.25
WHAYR,170.33
KWCR9,288.08
4WL20,382.4
00QAV,130.32
CI5J6,70.67
QASXY,437.26
PUJAN,111.5
IQXZK,289.84
BK17U,271.06
CGCNC,151.95
YTIGD,112.58
FRJ2W,78.62
G9FLZ,273.02
PV0NR,148.21
JCIW6,240.72
8U2WP,116.06
NTYTP,232.34
25LOP,67.97
7CC6S,252.39
OPZQ6,367.83
SN21F,111.87
GTMNQ,293.48
JHRS7,70.71
WWNG5,166.86
5YEBO,186.25
9RUGW,128.76
KVTBV,29.46
WYLFI,189.59
NCRSZ,93.6
Q9RVP,95.23
EDTAX,368.71
4GKRF,133.2
8OVHY,109.63
CNFHK,458.05
FPO7N,133.97
EXRDR,476.22
MZD88,85.01
CO0PU,147.01
N7E9T,92.31
05NU0,105.55
EKPAL,161.78
7IR60,564.84
THXCF,135.09
OJNEY,71.92
4KAZS,133.83
LYBQQ,151.32
66IR3,144.53
4LPDY,139.49
0HDRV,94.48
B3DMW,65.91
ES073,145.44
ZUWGP,89.31
MZGZF,273.41
OPL1P,127.44
VYV2X,129.57
EFRZD,99.17
SRCL7,219.46
INV5E,76.16
2AVD9,152.89
BKGHF,56.7
XNFSI,75.23
QHBWG,235.11
MYYUQ,61.66
6DJ5W,120.47
ZPBE3,68.26
X7CSH,508.44
0R2BT,214.58
QKJRP,74.71
G6MJJ,267.53
BFJGU,71.54
ZVSNS,286.27
SXYCV,56.5
RKEGG,46.57
L0CXY,92.68
PGADH,93.89
OFTSE,56.36
CZLCW,439.13
UK2XT,134.59
WOCBF,91.3
CZLTV,173.55
KBUZ4,852.14
DARQF,94.14
DUTMT,103.44
4VQSR,174.19
VLWCG,547.45
8JBX8,42.78
MRCXF,143.29
T4GJZ,195.5
72R61,142.74
HPNKX,228.29
EOQYU,178.43
RHFES,68.16
ZBCQX,427.84
HWCJQ,201.07
YML9F,152.06
XIBXG,114.48
UAS4T,637.61
ITRJX,245.64
TIZLV,123.5
M97YF,148.3
PJNFV,289.69666666666666
K5KE4,81.0
U3J3T,218.01
38OXH,219.43
O8IV5,93.56
P4VYC,144.61
ZFC9O,530.82
7QR1H,186.62
UXHFW,196.28
ZPF0O,146.78
K0NOA,225.51
YHJET,624.74
S2XRK,262.37
XJTW9,101.41
CHQWQ,851.23
XFS2N,165.45
KUXTO,185.83
CEZRS,59.64
YPOPR,268.55
KO3MN,70.49
JN364,82.42
KBNHU,903.79
7GP8L,68.86
YMBCW,180.55
EUAPM,156.61
4HKPO,68.05
BCAC8,132.81
T2WTJ,80.65
VTJAK,213.18
RBOQG,226.88
WGO4P,237.7
BBSGV,161.26
J70MG,279.3408333333333
L9VCF,82.68
4MXKL,144.96
MIZ6N,332.21
POIUI,1972.67
MI7BM,133.94
B0OFR,162.25
XN5TU,98.22
K6P5M,90.91
P6OYD,151.04
0JVRB,107.99
BSPUM,73.69
XVPJ4,95.02
YP8IS,180.43
GRGUR,96.36
FO4QO,94.78
XSYND,145.45
AX90K,148.81
ELXGV,158.73
IIOAU,231.82
OB8NK,131.49
WSKQT,214.58
SXT07,408.82
2TDXY,421.43
R7JXW,111.98
HLKRL,104.49
LFFOT,74.49
EFPAF,557.55
6MQKN,104.45
XEU23,156.75
LXTIL,71.57
3QKSG,186.67
OEGW9,121.16
EGW9G,90.36
3DA0R,184.06
IK6YK,519.71
B5THX,137.03
WDN19,292.66
ZFIOA,106.76
0MZJ3,440.58
9CY0B,203.39
FBDAK,64.05
QGVN6,198.13
TXOFB,108.22
TFRQI,209.44
LKZIZ,158.4
KVE79,94.84
GGRSN,899.6
KLVTE,217.43
EYACW,230.38
7WK7N,98.99
ZA6MX,140.05
TMEAT,173.03
HQNHC,123.25
DEXZJ,78.86
NPR97,78.98
TPV6H,134.1
5Z09A,114.19
1E5RG,95.47
8VUJ1,295.73
XCYSO,92.24
JFAXI,67.44
PFHWF,64.98
SP4VS,248.88
SIDDM,217.12
E7MWZ,348.72
29P7N,101.36
ME3J5,61.61
TCO9T,130.1
EI2KE,210.54
ZDVKH,460.27
YD2SE,133.25
TLPOS,140.4
BRCMM,148.4
XGBP9,139.44
8KVTJ,83.92
2TK1F,52.62
V18Z3,116.7
FJ5XS,188.5
ZLG0L,293.55
KKQGQ,226.84
Z3JRE,157.69
C3BRL,212.06
U2EVM,200.98
CPYSX,52.94
CF9XS,75.99
7BLO9,207.61
QHULZ,104.05
DGSN4,75.2
JPMP4,40.56
HNKGO,79.25
COWQ2,1273.64
7J36H,439.5
7UO77,81.19
NEGEJ,101.12
8GPLJ,159.31
U5WRS,103.78
ZPS9G,476.77
BJ4LM,113.95
IPVUW,137.36
PRQCG,302.4
UYZXS,51.14
NYMOU,99.21
JTFC3,138.59
RBMXC,91.53
V1DA9,189.03
ZNATO,164.37
NASSI,159.8
TVTAQ,165.91
3AWDQ,205.14
ORNUW,169.91
GNDCY,267.78
SBAJR,91.97
3JIHE,537.87
AFVGW,201.37
H183L,118.72
K5MBY,182.34
GYIND,96.02
OGERG,433.44
F9T5K,53.54
5R9UH,152.21
R8MXA,120.16
ST9AV,218.03
MKWPF,125.04
H4BXX,233.15
1PUAU,9339.04
B6OBS,446.38
MW7NY,274.21
BY0RQ,295.41
ABGQA,69.67
ADQHR,924.06
AGXMJ,376.6
WN9FP,282.27
XEXQR,178.85
IU9UE,212.6
OSTIH,64.56
QW8HL,58.12
OFSLU,186.09
OJDQP,128.83
QXYHB,248.28
JEGC7,537.67
A9XUE,106.8
QHDSS,82.6
0EBKD,84.59
42VUT,116.43
KGSXR,142.06
P0TYF,90.76
J09MW,49.04
MB9OX,447.77
MJIDN,131.86
PJWDC,326.89
GYQ1F,75.87
PIR6E,313.72
GMGDX,269.07
WMLEF,177.62
CL09L,77.06
LPVNL,111.22
BR7XR,49.76
SOLC3,131.84
NGFRN,62.11
M5SGP,101.48
LFEGP,422.85
C5147,193.69
D0TJY,120.99
GKRV5,212.68
COHU9,94.91
TPXIG,208.47
QYY0J,239.54
HIA8A,60.84
OWCPM,98.99
APGZ1,441.51
MTZP6,143.618
U3KFA,227.01
CJOIB,317.13
MA3GY,76.64
TKFJ1,225.69
FJCVB,147.02
F3B4J,436.81
BGKXZ,182.47
ISRAI,122.0
IFOWH,28.57
FXCWH,54.18
Y2UQG,208.32
3PBZA,226.22
G0XNS,461.97
KXJ6I,204.17
233VW,73.14
PTFFP,177.44
B3DW2,343.45
QA3DQ,97.64
ALZB3,526.02
912IS,155.55
QLJ7Z,188.45
P47VF,206.15
RFFUF,149.6
ARIP4,127.49
JWZWF,173.31
D8DRT,54.31
FKHCS,103.06
EWTZH,239.31
PVVTQ,133.44
WB0KN,11466.91
KN6DK,250.5
SKPVH,179.56
V4Z67,547.9
26DJT,51.91
YZFQT,223.34
FECNR,88.47
E9QPR,219.12
MFS16,192.48
99BIF,126.79
FT2YO,86.58
MGDUS,84.75
TTQHB,865.79
G8WGQ,89.41
J0NGN,149.75
EUNPF,220.4
LOWND,904.73
VDPVH,113.9
9HTPG,422.83
3WTZ4,1030.55
YOSRT,117.66
CFCO3,280.14
3JICW,173.38
BJZY3,72.33
PLVRK,269.97
7MZI2,152.84
8IEUY,158.82
3QGEC,215.09
YRFBV,81.3
TC65J,479.22
JICYQ,125.38
ATDRW,192.38
G5FOV,72.22
HUYOJ,229.98
FK1MG,182.89
FRHLP,164.14
PJDUG,53.97
HV88Z,85.32
JIESI,111.7
KRARF,95.08
V81WP,249.61
QG8XQ,97.43
5PGWF,92.29
ZCJEP,241.98
LVIVI,96.15
KOBQA,3030.13
HXMWL,71.51
SYE2Y,264.02
FBL3O,91.25
BBC1X,65.09
I5STB,200.86
1J6NJ,174.68
9D695,112.77
7P9H6,175.19
ECWOO,94.2
LIDAW,70.58
PXXE4,255.12
JMTFV,123.71
L7RZQ,59.42
MCTDD,287.06
HBRO1,33.52
A5UYG,278.67
LWNDT,324.5
UFYDN,167.08
MQ1SY,351.47
IACPN,610.81
VZYK0,157.5
HT7GT,87.99
Q6PWF,88.77
ZW26G,85.53
FABMD,355.73
RFAK0,175.16
9QPMT,151.98
YCIDN,167.5
2PUWW,215.29
SLXGO,137.16
V9JM2,821.22
DVLUX,53.81
IGV5F,425.81
LBS8P,214.85
J9JCC,128.7
KZSXI,86.72
D2UIP,107.34
TLHI4,89.97
YAUCA,146.88
ZLZFG,229.37
Y5E2Y,207.57
LDIHI,118.19
R5GRS,173.4
PSMXH,160.07
6EIGT,110.55
GBZLX,139.24
OP3BX,199.63
UJXJY,60.47
SAHD5,412.1
7Z1YH,202.51
YCJJS,168.33
DSIH5,113.08
9VBX4,139.07
JXODE,182.74
GH4KO,44.78
OWCON,62.19
0YUFO,173.02
EPMXG,102.47
KOIXB,231.22
6KMPA,1468.51
P2VYH,164.69
ACUV0,97.58
ZGGOD,70.19
2N8OG,99.89
ANPS1,245.47
IXZYW,141.5
NBWYA,213.71
ETLVE,261.45
07BF6,141.72
1DJBT,144.64
DJ2O9,114.72
M6SIW,84.5
I91VJ,440.95
ENPQU,129.89
OYIEQ,9999.0
GKTWZ,342.13
SK9RH,78.8
5RRYT,177.9
0KGFH,210.37
F9EJ9,200.92
6WQG2,461.67
3IGAM,245.52
Z3OSM,484.3
XOLC9,133.21
GKXEJ,73.5
5YDAC,363.1
OJVRZ,132.72
JWORL,1234.29
T9WVD,157.85
NGEN4,205.52
HSIR8,60.41
L12YQ,54.42
YT6MD,54.19
3RQE3,168.56
QERWV,91.79
WI3OW,69.62
IEDMK,265.16
D0KKY,165.99
4EMJI,346.37
NW8YU,199.4
2FZZZ,98.41
GAEJI,102.3
VZV8I,90.94
JDRBD,141.6
NAX0E,51.74
W2MG8,201.57
VGGVX,190.94
8TJRR,54.64
NFVXI,207.96
JZE20,123.87
0DLOT,233.46
9F2LV,137.07
0VWEH,56.38
LVKFP,207.72
YVLT2,168.0
TJWHX,117.33
VDT71,258.3
LAF9R,124.36
BBUNM,476.81
D7DQA,129.99
CKRBQ,376.76
YD9T5,164.07
SY1EV,196.67
TTCCG,95.52
52HSD,304.51
GO5SP,66.5
NVDDK,352.87
KJR8Q,39.03
NM9LC,58.19
MI4YD,201.5
IPJI2,154.75
JXYMO,267.81
MOWWK,417.61
W0VQK,120.28
WCICS,450.53
DHJVI,91.26
FNDKC,149.79
URKHC,144.1
FOGQG,329.02
WYS2J,246.8
HP2U7,724.05
KCKUH,51.61
VY5OE,62.48
WKLLP,124.52
GPEYJ,119.29
SK5NC,341.61
AXTJD,203.79
5YYX8,150.23
LQNMU,62.67
HEVU8,116.49
6QZ4V,60.22
ULZMZ,235.82
WJAG2,382.88
VTJDT,201.83
W21Z6,104.1
ARQFZ,126.24
O4JEY,631.91
R9CIU,367.04
G0FIL,115.98
SSMIH,190.27
MBVBZ,85.61
J1MHV,136.2
PGUJY,63.82
GVUA8,140.98
QMM0O,101.33
ZP4N4,144.44
GUNMW,222.32
XUHES,64.47
FX7UV,201.41
K6YSG,224.57
NCKZG,213.41
9R1YX,93.81
ONQUO,81.9
BULOY,132.43
LNARF,147.19
1D6KH,251.64
3D9GZ,239.59
YLEOZ,88.64
TSA7G,90.72
U5USV,56.16
6RUEK,185.18
8XRYA,1489.76
IE5Y7,60.56
RTXWR,142.39
SOQSV,88.67
QBUCA,91.04
5PBN6,68.18
GJSEV,395.07
UR2LM,152.56
WJJUN,251.69
ORJH9,65.23
9MSDF,136.24
F7NO1,407.67
WPGB0,128.89
9KWFE,445.8
4DXFS,161.09
WOUZY,67.33
PBWFK,68.61
EMDQR,179.91
5QRHD,139.26
QGLNO,62.8
OUNOP,177.91
R47XX,268.22
GI011,86.91
3QBO8,162.04
JKHNH,93.23
RWEY7,146.78
FBTOA,163.05
2CHO8,128.84
KFKO3,167.79
2IPPH,87.7
NCM0M,88.87
KRSJQ,36.92
V88OT,334.12666666666667
KNMHR,99.91
EYBBE,127.16
SSDKG,186.15
ULOC8,89.89
5T8EL,92.24
IPY1V,113.27
UQMX4,148.32
2J1RR,63.89
NZB0Q,506.59
D7QRS,56.1
KCWBL,106.41
VNBYZ,309.39
IRBZQ,257.59
UBERG,189.05
QEN92,419.61
CO3R2,140.52
SFD37,42.61
NOQSX,74.13
IO52J,124.77
H7LAU,430.7
DULVL,61.0
16NRO,313.13
VLZQN,137.97
FIWDL,52.35
PAIHB,271.4
ZEZE5,57.35
WBC5G,151.33
WPKBR,54.0
CMNEB,292.88
2O0XN,136.38
UN2SL,240.77
MF16E,199.05
OIYSG,108.76
Z06VT,58.72
JE5SD,596.73
QFURI,69.25
QZXCZ,61.52
T9BDI,201.72
6K4NL,198.15
PBG6V,326.67
KLDMJ,150.82
AGYAS,119.97
KCJJL,140.88
CRWPA,118.63
C8EFN,112.63
DDLJN,96.74
FDJAT,161.75
0SVZP,313.93
XXGDL,153.64
V9KOG,143.17
OBRBD,66.25
5X7CX,145.18
DJLCI,62.92
CAREZ,786.02
NRKUJ,157.03
M68NW,214.7
D0ZBX,84.27
THNUV,70.86
ZBFGY,288.99
JIO0P,56.52
CCPKE,58.85
EMBQW,70.91
8USQZ,234.4
XUPVN,150.54
PSREI,62.72
J7AVY,341.25
ATEAD,120.66
ZREC3,133.09
WATBB,120.41
BMJ6V,214.0
SLMJH,119.99
AAY03,73.31
ZRJKZ,65.84
H8BZ4,547.81
OMOPD,171.33
MO3VW,192.66
3EBP1,170.51
RUEWW,66.45
9MOB0,244.94
BSDRX,562.57
CK8NH,38.83
XUXKV,54.35
AMMMN,1656.57
SGSNK,444.14
YN6NY,89.77
ROEAK,127.95
U0N7W,594.0
EAA9R,214.75
WQZLI,4832.96
PPS1V,544.84
E19AR,28.9
DSHAG,247.0
RSNAX,131.09
7PHXR,275.59
38SZE,69.38
GRHXK,300.02
ZWAXY,1023.41
WAKDB,71.94
CSQN4,136.65
VX8M4,138.15
0PGHT,162.98
A4NSH,43.77
1HNMS,161.19
BLOV9,126.66
IRLWL,165.16
CDHKH,58.71
ICQDL,263.02
BRHZV,132.74
OCZOS,70.25
INLQF,138.41
B8XTW,649.55
WT306,81.89
8ESTV,169.26
DAGX8,328.07
NA905,80.22
ZKCFF,130.73
ZCELP,172.84
WNK3Y,37.48
HIPN4,106.73
LJOUC,233.44
NOFQV,47.86
XIG9H,227.75
DHATQ,181.41
RHTJK,28.17
XHARP,59.64
TT58U,93.45
4SRU8,193.04
MDCBD,54.49
UKFQ2,57.01
ZQQCH,198.31
C5ZHM,68.65
QEFH2,121.33
PTNOO,130.29
SGLUV,65.3
B93NL,397.23
TTNSY,233.21
FT6IJ,484.37
FLUZE,167.78
H7AEX,132.84
FTI61,138.74
6OY9F,120.48
EJMJN,252.48
WPNU5,306.88
JHHO1,78.34
UNPSF,93.79
ZLAI3,68.81
KNN8T,57.04
GEOHE,65.96
VKYMW,191.98
S26JR,261.49
FENO8,138.04
CIADY,277.22
4QVVA,115.45
XPMAY,195.74
W8NLD,63.5
IAGW8,317.8
LQMYX,190.69
9MGOU,122.21
OKSHR,152.24
YEJFE,202.55
QFSTY,145.33
4T7OW,127.9
IFFVA,137.65
6S0BP,272.33
Q0IFY,135.6
UUNTE,65.92
VDBAU,460.53
9DZGH,320.025
FRYLE,423.45
FSKDP,53.0
LBNRE,414.42
C7ZLO,80.75
WITYC,141.51
EBGSO,441.58
DLEFX,431.2
VQKVJ,273.92
CCWBV,224.96
B6BGV,42.23
NTQVC,153.59
CFV8M,52.75
TEJGH,1149.12
1CDSS,57.07
OIXKN,102.93
RAMJM,92.81
S5KEQ,102.69
0NJR8,214.65
S3NPE,152.21
YTKI6,284.43
DGOFQ,225.3
LTSCR,46.76
5IOFO,141.42
NO8IB,59.35
E87VF,192.46
QGNTP,160.12
ZT3VE,93.65
RI9AQ,197.45
JRPHO,99.88
WCNPC,439.7
X1NR4,112.89
PAHUZ,228.58
CDQCV,46.71
SV2U2,62.42
CWSIP,111.0
GKIEW,286.91
L0MTP,215.0
PO0FH,96.84
MLZVD,178.4
G19IT,1032.8
P6GMF,415.38
QKYTZ,416.59
YHOXA,93.26
B0L2Q,101.21
XB2BQ,139.15
L10TN,202.43
XXUXD,127.63
FPGPA,66.18
T9SJF,114.87
7ILUE,313.51
MUDZF,108.11
3JSVW,34.35
UJOG7,202.17
KJQBJ,263.46
7UYZP,96.31
EDPMB,54.92
P6DNL,382.87
VQMBA,136.81
3JWCL,172.42
2J6JJ,104.28
ZIVKT,53.72
DDC3K,170.49
WTCRS,312.82
7MZKF,189.77
MF7WS,78.06
A1JO5,130.33
A2RNB,121.47
OIHMV,122.52
2MEHH,66.18
FC6OC,345.205
QHYY5,63.51
DBQLH,123.23
5ELI9,206.64
ESHIS,538.31
BAXBD,410.5
CL6LO,95.66
NIVPJ,158.07
LQNBC,349.75
IX6TE,51.86
RHPVO,164.67
8ZBTE,1070.28
UXDOQ,333.08
C3ETH,359.64
GQYJA,1008.14
U1UU0,341.14
UQYZW,223.05
HJUXQ,141.25
G7QWQ,54.57
PSVF3,177.59
0PN6H,85.33
RAIXK,206.04
9BCCH,383.06
IAIVL,95.63
UEDM3,60.05
U1NSM,692.29
BISIS,146.67
FMWVQ,265.03
O5BEL,40.44
X8PI4,82.12
HOHCZ,177.01
FGD2I,185.62
NYAX2,377.5
OO7YX,134.3
US08Y,174.09
FKRSO,475.72
OJYGT,351.82
MPYKG,134.43
KP31X,141.63
PBKMU,517.82
OH8PI,77.6
WHJZJ,629.73
DKJ9W,123.09
G077B,123.91
2RTGS,314.1836666666667
1IXWT,61.16
SRB1B,180.38
RIY9Y,123.52
0DTSB,144.96
RGKSM,179.53
MVUTP,170.33
H2NHA,60.28
ATZUV,663.22
MWRA2,149.24
UDGYQ,79.99
U8QRC,206.52
1S8EI,207.34
C47TE,834.17
CO0PC,196.43
OLT2H,204.94
ZHYLJ,64.46
KPYHO,148.91
BFW33,497.18
N5YGG,162.46
Q1WGP,226.99
W10PR,53.96
BTD46,1479.46
RQAMH,291.32
LLIPE,167.49
ZBIJA,148.82
WMZKB,91.07
DPPFS,613.98
LWGN0,66.71
G27PO,123.33
COO61,1662.63
B6YBI,163.43
H67PS,96.36
N0NMS,239.23
YGSEZ,105.33
UDZND,340.0
PQIMX,256.46
53GKB,760.37
8ZV2U,122.99
LPAMV,186.25
DWIQX,383.28
M1ZA1,75.27
Y6YAT,628.99
YU6EG,190.64
R5ZIE,49.96
WTTXY,197.19
NLCZI,67.08
GYKNE,196.75
DWGIQ,135.56
MSYHD,172.9
MPMTV,75.42
VWTTC,149.59
EYUXH,101.71
ENXKJ,518.82
UGPG3,501.92
YYT9P,179.22333333333333
S6TGH,48.93
E4L6H,149.43
AZGIM,1026.32
XE00X,199.21
XMVDQ,93.01
8XG0Q,128.54
DHWRY,135.87
LOQB1,187.69
2DSDT,363.91
VLOEM,227.71
ZIB30,97.45
YQOAH,54.74
EDZIZ,64.13
MZPYX,134.62
L6UNG,9999.4
NX4XL,134.81
Y9T4I,187.53
XUUZS,188.41
EWCRP,138.21
ESWSD,258.67
LVPS7,540.75
ZHEUM,247.18
JCJ5L,217.7
J1GII,176.45
3G80I,266.75
IKIO8,166.92
CNQI1,330.52
YOSQT,82.68
CAQHA,123.32
LBVIK,126.76
4YJ8G,207.35
3VEB1,330.52
3LCOO,59.85
VIFBH,127.43
IUYEH,83.18
NZPEO,251.17
EDIZG,166.89
VLVFX,477.98
HKJRQ,147.42
WI2AQ,173.9
G01MP,90.96
JSHAR,130.54
4GPWF,88.46
O9UDT,303.35
YHQ4A,192.81
TBBXA,192.94
P6YG6,198.7
USOHD,261.95
T6MMA,111.62
KNZRY,76.1
LKCRE,94.71
79HHE,275.03
YJGWU,368.81
JPAH3,196.22
QSREQ,104.36
BHJEY,69.67
M7W8C,108.57
IYFCT,73.69
JLM4S,100.99
47ZG7,435.28
HGT2M,476.38
BIOAS,661.25
VEXLO,128.04
ETO2H,100.68
79TMD,123.52
BZKSP,118.19
9UEFQ,190.21
BVL5E,168.7
RE91U,112.03
GRAEK,342.7
WTVCV,201.59
Y9RDB,721.98
AKJNL,63.91
6WYMR,109.46
KLAQN,121.4
MQKF8,191.79
I5DPZ,297.91
3IS2K,432.56
XUGPX,758.82
7AT9S,136.558
CXDMJ,185.43
4LXI8,1372.84
LYGEE,99.67
OQLUH,157.34
XPWEE,167.62
OOCMF,401.83
QNCNV,304.85
FAF64,282.63
HP2TI,70.99
DXOGY,146.75
6TBKA,48.66
Z8MNN,134.57
DWSLX,257.99
JCANA,137.52
1BFK3,164.43
U5PRH,210.08
NUYAO,432.52
WFMV4,62.09
W3TYU,212.49
3QQK0,273.56
H9AMI,106.37
PDIHT,119.1
UQ2LP,217.91
VGM8N,317.39
FJWLF,112.73
MTYYR,637.13
DKHKV,78.31
EKYNB,159.67
OSIID,215.37
MFFPF,191.44
CNOWF,96.39
TNHFX,96.94
TM9FJ,672.28
TZQKM,98.36
0KLRM,322.32
PTLYK,93.82
WZ1GG,103.18
URKPL,465.5
ONM3S,125.78
RTDJR,118.41
L9278,232.52
8VFK2,151.98
U9ANJ,204.6
0ZRQS,341.13
M9PLO,897.77
SSSDW,956.41
TXHTQ,180.23
OHHLP,309.47
OUPQX,88.44
P0MZZ,186.38
U4LIU,90.56
QEI35,1480.99
S9FUV,355.56
7XG1D,118.38
XGIOS,206.47
VYBLK,202.0
DO3FA,125.78
7KVRR,160.35
NV2RG,151.88
MOVSH,108.52
CX6KR,142.46
NDMMB,112.0
LIOO2,158.28
BJL17,116.59
DF5CG,66.87
UVCIT,100.87
VBJG7,134.38
CN623,89.28
JBI7Z,67.03
DJI0R,66.93
L81PW,114.22
RLZAU,444.1
KSLNS,97.07
USPXG,468.03
WUUNT,67.36
TTKRN,249.42
13EVW,148.96
LA3FR,73.17
L9OKI,299.3
TAZ1G,182.18
HG61O,88.77
KFSGA,175.11
MRPYN,189.57
WYT3Q,234.05
ASCHS,117.53
MRGD3,47.93
8FJNV,73.04
MAZHK,236.74
FRVJN,160.64
JMWM1,903.43
DYT8Z,127.22
IUV0E,177.63
16M7K,149.62
DNH8F,496.68
AESAX,2829.68
ECBRR,230.73
M363Z,46.92
TLORP,142.64
JC3BP,455.78
KKYCR,334.9116666666667
6VM8Y,55.39
IRPYY,92.68
FWSZO,177.21
PRG4T,177.93
QCTXC,144.72
R6UZR,319.26
MUMFB,92.95
HZO1S,112.4
U1ATH,146.14
2UNWG,147.06
6XT7Y,43.1
UBKVV,101.0
YCBVJ,229.7
6RBEP,287.23
V7ZDG,183.38
8RZS4,116.58
8HTWR,133.26
75RQR,153.78
FG2SY,222.19
T4LOJ,414.81
RPQ3P,507.9
QLQTV,116.11
YYURS,194.45
UOSKK,191.93
03XLY,238.75
ZRKGH,394.05
SVTMT,378.26
EZW1G,229.49
5DEQ4,104.9
SRJ7R,124.26
X4WQB,51.24
8CN6I,170.87
5KEEM,209.57
PYDWU,173.59
YMF1B,179.37
2BXLH,157.17
TQPYI,133.14
NQZD3,24.85
WCIYV,74.47
NAXYZ,57.27
YLA2K,193.96
SFRRB,47.06
OIEKU,938.87
LNG4R,369.34
CDJBY,128.28
SLJ9Q,355.15
BOSHP,216.12
SV0TE,86.17
CL82L,284.57
QHNKU,74.92
DTFYQ,5556.28
17ECQ,41.03
BN84R,120.91
9VBJC,95.0
6DTBA,80.7
KGOWV,90.97
TGGPA,365.46
S4ZNI,9433.42
HJOMA,463.29
OA2CA,140.89
DOHVJ,572.98
1VNB5,170.78
SCJZG,271.3
HEESX,96.51
KC6OP,224.84
FP8M3,89.33
L3PVI,87.46
ZBSBQ,91.99
KMXMZ,461.43
XCFHZ,320.46
2A8MF,122.83
7TNK5,357.79
ALKHI,336.12
MEI6X,383.39
2SZO8,50.98
CLABF,68.9
DNQYB,125.47
ZXTAU,109.07
1G5UF,72.05
FGONO,105.65
GJSG2,125.69
GJQAJ,131.46
1G0XC,166.11
CU00I,387.14
WY0OY,212.4
GBS5V,27.88
FFZF5,299.41
MWF5N,100.13
Q7RGV,108.36
SWHWA,366.62
RS8JU,55.74
9AT8R,234.56
DRTJY,320.85
EX1Q1,150.0
J9WCW,122.85
OBEQ7,126.49
L70SS,65.45
UPNUY,143.35
TSW97,180.42
TZH5U,156.9
IWRKQ,163.47
XW1HE,202.73
GQCBB,143.48
JQNKM,332.93
OMJVE,178.47
DHDBK,238.32
5LNBB,153.5
X3DSC,285.16
49AK0,553.95
YEBFS,155.24
GHPAR,193.67
BSGDZ,273.49
2UNDP,181.39
LG0PP,141.82
IWXR1,102.71
YKECO,493.98
QFFBE,73.34
T8FLU,101.56
DGKEO,196.29
GVINP,113.32
SQJBG,179.72
DCT3G,89.25
XWUKI,144.22666666666666
OOYNJ,139.29
ZXB81,179.77
3QF4K,153.89
O5ZI0,455.87
ZPGK3,90.84
IAFAV,58.86
UQBRU,55.73
KN1F6,151.6
P834E,408.84
BNOIQ,295.25
WSECX,93.6
U17BE,618.81
SNOQM,201.85
DKB8D,134.07
OQNJH,307.4
8HVMI,155.05
TNJ0N,216.41
R9V5Y,194.68
P00D7,59.18
TNANC,65.55
LKQD8,189.54
ICEM5,325.16
8CCJ2,400.29
5QFDK,228.99
ZHJYO,1001.53
IITER,160.37
ORCHY,310.18
NAB3M,290.14
7YTCE,135.15
FXGFN,94.48
1QHNV,131.17
GJ7P6,227.55
VYPPQ,171.24
H2TE5,148.15
LG4EL,281.61
NNHG5,182.23
3LVDU,838.15
DD0SU,165.75
2TTW1,87.78
HHFEF,125.12
DEHNE,169.58
FH7FM,335.33
XSOBV,128.58
OR7HE,187.37
T6WXY,72.81
YVDXI,290.97
GIRKH,753.16
6NOPH,152.84
GWHAT,221.41
RKXLP,76.46
0XS5Z,69.68
LYGRI,2628.64
FRBLD,616.61
1APCB,68.92
HR5GG,129.87
DZU2M,119.85
TFMHA,98.38
BPSDA,317.27
CX8SO,173.58
P6CFA,160.12
WBDAN,170.31
NLV5N,214.52
S4OIN,684.88
TOVO4,129.54
C8DPP,177.74
F2DGM,91.35
7CLMM,106.42
8SDXY,153.02
P4TW1,856.26
2ZZCX,213.53
QV8N4,61.84
8BBYY,129.57
0WIFU,90.09
T74ZQ,310.41
KYCRJ,71.23
NHWXC,88.88
LL5BE,100.28
GQHIP,172.45
AEN5M,52.85
XCJBS,409.32
HDAKN,624.93
RLSOB,235.04
ZEAOA,138.9
0LBZR,70.07
A3BNL,326.41
4FICA,314.66
WG2GT,128.93
LDX7M,138.44
D32EL,250.04
LYNFG,142.61
E6DQM,204.12
UHYSG,232.82
RDZDY,34.36
TPFVY,56.71
YDS0C,205.02
WDKHO,85.79
DVV6R,89.92
KWGIK,293.62
JZHWP,161.59
A1Z5M,65.52
FPPZM,120.59
SYDBE,92.82
QM1AI,59.85
TKPYI,29.09
TJ02Y,98.66
BTEBW,144.15
S9DAR,52.26
ASUTJ,256.38
NQJTR,168.31
TITRC,138.38
IHQKI,43.55
6KNVP,433.79
WE9D5,339.67
XCKFB,74.65
JBS6C,141.09
JODQX,5814.07
QI7N1,175.4
PFZSZ,1056.58
XSJVP,78.46
YHHD0,236.47
AXPFY,298.04
XCCCU,232.52
J2OBR,242.65
KSZ3T,154.42
E5H5K,145.95
92BM8,226.18
9JPOA,329.01
N3UUU,128.86
HM2WG,85.9
7AOKX,564.57
LMV9O,265.62
LIA40,344.56
JU9OV,170.67
ZUNTC,70.97
RIKRN,778.21
OW2CZ,206.9
O24SW,174.08
RWJBU,542.32
YBFLP,972.7
OYJ6I,90.49
5KLD1,463.77
CUY1P,169.66
7S9QR,124.21
BSAYA,375.1
CHWXZ,197.18
FMNUG,154.97
F2RV6,782.99
HKZRM,232.44
SEEGD,189.52
0CFWK,1149.12
BZ1NA,103.03
6VBU9,509.71
CWJPD,66.11
1QCVJ,126.28
E28LE,78.0
3RDZH,65.82
NK4FH,184.17
9M6MU,759.34
KICVV,62.05
XIFBA,136.81
GDSU4,90.32
QM4DQ,94.06
HNQGD,97.34
SJMBB,139.08
SQ3HQ,224.66
M60XW,98.11
IPAKA,118.18
ZCY9S,157.17
WIGY8,110.21
OACS9,169.5
ZIAXB,119.67
3GXNP,137.48
JGWF9,107.71
Y3BB5,127.52
L6NP5,94.65
GIKE8,887.4
E5QIN,5967.3
QLJO3,113.06
N5ZVX,212.82
BBJ42,38.34
JFNU8,274.99
FJFVU,127.15
UPN9U,224.21
VHNZJ,192.47
VUEHM,128.97
AKUJL,472.11
ZLNYH,253.28
PXGFM,205.49
XNIRJ,101.22
EYH1E,101.67
3QVJN,154.57
4DIXZ,338.77
AWJVJ,157.35
DDIGZ,203.71
PAIDZ,78.51
BYOMZ,287.33
TTVKD,140.09
MMH7F,563.78
Y5GXX,980.3
G2WWJ,186.7
JZYGN,145.79
PLFVI,141.68
1ZXYX,265.6
3UVWT,159.53
U2RL4,107.2
6KGUA,68.76
MURVZ,151.76
ZXMFU,59.86
ZBWY8,59.65
H8VJX,479.39
A6YKU,109.95
TS8HL,149.46
MWLI3,66.36
UQZBP,172.79
MFZFO,318.53
DUSLL,435.66
H4M0T,68.92
ISVZE,146.73
SJPWJ,44515.4
YUV8L,52.34
OWUXW,303.7
FIUEK,99.4
DNJTH,117.02
4ZWK9,355.09
2JRXF,823.39
5SQSE,176.16
JDSM7,142.842
GJXVZ,87.94
NA3W2,318.37
OHRT7,118.25
LXTLW,167.3
EJJ9P,73.15
EZ8CW,210.84
3LA0G,464.09
VEIX1,113.41
ZOBLS,153.54
EHA1B,201.35
XTFB8,330.89
IBMKO,126.02
9U6CN,214.76
WEDZH,79.93
BBM2A,146.69
B7UCV,119.18
DHMBS,96.18
AFHSD,133.16
SPZYY,89.31
HWC8P,154.59
KFXXI,170.95
BMVRT,391.68
0KWG5,188.94
TCQQJ,295.22
4BQSN,44.44
XKZSV,220.71
GTGXW,57.04
SAYLL,703.48
4XW4W,116.45
WQG30,72.02
U78AP,1021.72
NEBDU,160.83
QUGLU,140.61
QABF5,299.22
WQDGV,107.01
TJJC2,82.36
3UNIF,152.14
WGTBS,124.73
FITXQ,216.12
WGAUX,55.56
QFDT6,235.43
FHFBH,85.49
KYCJU,313.72
Y1VGE,79.22
MSCPS,349.47
FBGWI,70.57
SS6JK,118.82
DKJ7S,536.87
SFLOM,181.14
EYN4Y,89.04
NDEIH,235.87
6KLCT,154.34
PEJVH,94.98
GSKAQ,379.69
VPCQG,174.35
DHMJV,156.88
WM9K2,436.1
OBWOA,151.65
KDPLM,281.325
HBCXZ,74.57
IPJYX,277.35
VCCBS,80.41
NZ1XE,138.76
4YRKG,283.78
HFW1G,62.12
FTH5Z,215.54
IOSNQ,479.21
OWCBK,1310.33
UYZRE,157.2
KYL4I,105.31
JGPOY,421.47
J4TB4,165.17
MHQMN,537.12
ZSRZ1,192.34
O5SBW,139.72
TAV4H,28.22
TA0XC,86.44
0JD76,270.8
IE3JJ,153.88
ZBLXA,133.6
PR7OF,151.72
3ASRR,81.19
F2T2H,126.88
XGSK1,195.48
UK4BK,80.46
VWMNF,102.24
JCVUT,308.12
KPNEB,317.13
GRJSX,478.43
9WSDG,175.01
GLBFD,320.6
2TBZ6,84.48
5OSHK,139.54
PIA0T,172.27
Q4LRW,163.62
DZG1V,119.16
VB03B,64.73
3AEMO,350.32
TPM93,284.08
5BPB9,75.05
JJFIJ,124.73
IVDBY,43.96
JNKV9,101.5
KXOIT,48.76
FUHZP,325.96
KENFU,206.67
2BTHS,108.66
8JART,109.09
CKXAI,272.79
ETZRT,156.82
PHYDG,165.83
DTVLR,326.46
DZTNJ,246.64
YAAKV,85.1
E5YTN,66.19
D9SZZ,461.68
K3DJC,86.07
UDOZT,89.54
AY4QQ,89.92
LABJO,185.4
KUYCS,120.79
JAMP0,395.47
ANZ6V,90.58
PCR5T,207.51
MOB4V,77.85
KMNGD,61.65
YE4DT,143.94
H3SDN,109.75
UP1SJ,98.59
EP4PN,45.37
XV8YT,55.99
992JS,176.5
HS5LK,106.64
ORJSC,209.3
QKXTI,18645.82
6K8EL,158.75
KWHAK,89.19
3XTE1,225.04
TQWNW,98.67
FOYIY,305.68
IBELG,55.13
H0S6Y,66.94
OAQ2I,535.11
HRUNP,115.59
IF2XM,343.88
EHS8N,331.62
L9CFI,160.0
INOFZ,84.97
CRO6J,385.77
L03VT,150.75
WQ8SG,202.67
CNQQH,62.53
BIAUH,91.17
USRZ5,103.48
05R3O,126.65
GMO3G,171.58
XVJ3E,312.09
8DNSQ,213.78
Y9G5O,414.36
WJMJ2,320.02
C6UZB,97.3
UZIZD,81.63
DZIMB,83.2
W1OKJ,78.69
XPPOH,126.64
M1HES,61.35
2X7MV,328.68
10QRI,294.85
O7FC0,101.99
3BN6Z,252.16
U3HJM,132.86
8GWDN,70.34
AOAFW,343.24
3XRWT,134.11
9MUKF,218.08
ZDNIX,259.58
FF3EV,93.54
0TGHA,271.77
ERWVE,167.05
B22LY,120.86
GLEAG,243.84
2NIWN,95.54
7Y8OI,324.54
NBB9S,236.07
TOMMR,113.53
FEMFI,120.72
UZC79,43.53
RICBD,810.61
PK59G,1049.72
ONMNN,53.18
8MLWZ,85.53
49AHK,244.44
PUUFY,113.86
APXIX,338.99
5HI0D,79.04
EQJPG,339.77
REXPA,63.6
2H9JE,80.22
EWYGO,141.87
8YPI3,43.47
EOU9P,64.63
IIMWC,276.0
CF68C,111.83
EED4E,81.46
G4W9W,138.11
FWPDR,212.9
VMKRS,226.06
N9X3W,139.65
GFVBV,105.89
YF2ZN,119.14
4A8LY,461.12
FA2SW,363.32
UQILM,78.28
JIDL1,1081.82
IXPNX,409.28
AXLBJ,205.92
0BDFJ,103.31
KSD1P,145.27
PBP4U,82.02
WDPH2,123.74
TCNTK,78.5
4C27V,184.31
OHJIU,178.02
MF59M,275.79
XZOFF,114.32
TTKIG,400.64
Y4TKS,200.9
FHUNN,86.17
XN6YW,1326.58
QE7QN,172.76
IVMLE,55.64
ALBBC,343.54
RXMKZ,162.84
M3SAK,126.37
CZ53R,318.11
VG80P,109.28
9W0RI,282.69
Y0ZMH,171.63
DUCVD,78.2
ZJKA8,272.6
WKYTL,86.06
TZRF3,585.9
YKBNF,103.76
EWFWP,616.99
OA7G1,165.26
UAZDF,57.91
OWYMH,231.41
GTDRN,619.05
MRQZ2,106.76
EVSLR,166.49
8NFVE,169.66
J0LQY,125.89
VQLJ4,492.96
YXRHU,119.77
DBTRB,153.11
RJHZT,268.81
9IIOB,281.98
IG9XZ,467.03
ANGGG,163.16
EOXBY,229.43
DRM1V,103.99
E5Y22,109.38
FEMLU,139.39
NFVRH,68.96
EN7HE,93.22
LOKPQ,49.88
OIRP2,733.2
LJFZ3,74.58
SMCIF,266.17
WBUYA,444.7
WKKLD,56.52
JVFHE,88.53
VEO44,289.51
OXHKI,78.72
ABL26,151.62
EDCYI,79.86
V5VWW,115.5
AVS31,74.29
B83AD,108.72
3TC6S,151.54
IT7UE,84.7
JIIRE,938.62
QLQPM,131.69
L3TEE,145.32
H0AMM,9999.0
W3XPU,201.07
CFGNI,1764.86
UB3T4,133.16
YNFBE,136.63
QP3HR,83.96
IGAWF,230.2
AZFDS,811.42
Y24GZ,683.1
4RPRC,163.12
JX6ZZ,289.21
DGAIU,129.96
OGR6S,58.68
4UTGN,105.97
BLHRL,110.31
RIZXN,355.82
P4FMG,63.36
F3Z8M,153.72
MJI7X,88.51
6K0AV,90.1
ZX5FJ,568.21
X3EFI,40.82
LARVC,97.27
B8MKD,172.44
M4UAC,375.03
PBBXJ,103.67
XP1CH,155.53
FTXQZ,150.1
A7HBB,361.2
2Z2OE,92.46
S8AYB,70.09
RLJOC,295.32
BNWNB,309.52
CWGBW,163.42
RGVHN,159.4
BWI3S,149.93
8FTKE,175.55
40MK3,284.65
SMIEH,139.68
8SVNC,152.67
B3JSG,92.44
L8JCW,326.51
TS07C,67.57
9QLRE,294.51
AFK96,190.84
VJ09H,310.68
SIIUH,214.21
HH6BJ,119.41
SBRGX,88.76
GFYYL,140.81
LQXGA,118.15
KOHIZ,179.56
WTXR5,83.74
ZBZIZ,87.02
RN5VC,211.12
5C163,109.49
WSD3I,442.43
6QOQQ,480.63
NDNEM,248.17
7AXHH,75.03
5QL4L,293.3
U2RV0,172.13
AD7F0,408.83
NQRKY,167.35
FBMTQ,48.11
4I0IU,428.76
6YPP4,337.45
X5KWT,154.3
ZFHJ4,245.04
A2LKT,84.49
AXSJT,736.54
BOEX9,115.41
HRL31,138.62
SSROY,92.43
VHVK1,307.48
RXIKP,93.62
4LVRG,457.94
EKI6D,207.13
CLFDZ,333.17
0DX54,49.08
PYUFG,91.49
FONVW,146.83
GV1UU,104.91
HQQEG,117.36
NBAYM,160.58
ZLMXV,101.44
FT9PY,130.4
DBDCG,69.1
MTP5Y,74.31
PRXXY,345.74
SXVOB,74.8
4NLVF,1106.28
2RDHV,125.09
W6SXV,297.01
F9Q05,68.09
2CGPY,161.02
Q5PT1,153.4
P6UZV,65.11
UEKB7,401.12
BBKHR,362.1
SWMTE,151.1
SGUYW,161.19
1AHXL,141.2
J8JCO,103.1
JACFS,165.33
0PYHX,134.43
MTP3K,133.52
VASUN,287.44
NZ9O6,58.49
Q0HGX,48.36
BDYCV,289.03
UPFKE,87.42
WHV4H,204.58
Z5JT6,91.06
9EVJY,83.8
R52RV,93.55
I8NZ5,230.51
M3OL1,117.72
J4LEZ,154.56
ZQH6E,128.1
EBAUK,302.2
EDXHT,123.33
GXMHT,140.18
RBSB9,62.83
Y6UIS,251.89
DHSQI,50.85
A17UG,67.29
Q2JXE,37.04
SGFWL,58.8
5IOPS,229.38
GT0EO,135.44
Y7RH7,42.63
HLDF3,107.74
BXQKG,150.66
5O3YA,62.11
4IGJY,94.65
V6VMS,98.09
IK2OE,123.021
5768W,319.88
ORYCC,366.04
L1C2A,115.72
QTKVU,262.97
TTWR0,119.25
B1NAP,75.26
ETSLP,485.12
IXOZ0,146.22
EELQM,233.44
CDRYQ,51.53
PV8RX,318.31
L7ZVZ,783.7
HE57W,79.63
DEE5A,232.57
3TRMR,370.62
I3XWK,284.04
DPJCQ,137.02
SOJU3,307.47
JERYO,394.45
LE5VA,63.17
OE8SA,97.62
I8ASZ,232.34
KUGRA,105.72
7CCCC,69.81
8HFRC,118.97
CDE6H,120.25
UUHL0,84.66
6K887,104.76
GP2ZT,100.86
4TTYM,428.74
RIXDO,77.93
MVUH0,121.88
EONNI,59.74
4PC8O,109.87
9CGXG,81.94
AFHVO,101.14
RLX2K,112.38
6ZBYY,110.37
QAEVE,168.13
JKGRR,100.23
4HEYT,137.24
W9TYB,89.74
SQKXW,56.98
UKHJJ,1254.83
FOAF8,74.48
B4E2Y,86.83
MIZ67,47.87
EX5GT,122.32
QL14U,144.96
N2MKS,254.58
FQ4RV,88.08
ZTNO5,567.97
ZDO1O,108.43
FPS3V,145.17
IRFJM,1159.39
WRTPQ,114.83
BXRQM,65.21
9NRQN,355.84
FTMWR,665.08
7RNQG,107.74
JOUVA,62.64
IPCII,212.93
RHYXP,130.2
75ADH,81.32
A0QV9,265.15
Z4MGW,504.31
ZE1G0,104.92
766I3,78.7
QK16W,39.96
30ZF3,274.46
0Z2RI,155.37
8SYUF,113.82
UT9NG,72.27
LVWQS,138.13
JM6BS,120.97
PEXPH,102.06
WYXFJ,120.04
DDH1C,102.6
ZXCRQ,293.98
A5RZ7,139.1
6HITN,108.49
6VPAM,76.25
CVEII,212.3
4G6JN,122.45
IVGQA,123.88
KE3KB,179.63
OTTQ4,193.41
W5506,58.5
GXCAH,199.48
H4POS,216.93
2GMPR,139.65
WHM3Q,156.07
2OQIT,247.88
NWCR7,87.57
WP2V2,219.16
8UQZE,141.69
DUBOW,146.46
IFHTA,378.37
MSFFH,60.96
KREQP,441.59
S2WHT,501.63
KN2YX,184.5
YT1VO,184.0
RMFH5,117.07
ZOAKU,454.26
VU6O9,205.94
XFPOD,96.67
9S3O1,179.58
VGNUN,78.11
LSXQ6,126.47
BUCNK,144.41
QI9D4,336.85
AYNWB,128.54
DJGT8,93.27
TEU2K,181.7
BMU3E,64.17
V3QMC,292.67
6HKSW,104.34
JJ3MQ,153.0
FKLC2,206.85
RJ9CU,312.71
EIKXV,268.95
ZSNNR,227.27
OMGKL,188.69
ZTHPK,161.52
JE4FB,146.16
Y25PC,103.86
Q0BHV,406.81
Z1YFF,144.19
GAAVJ,218.61
VFEOA,144.01
AWRBS,325.83
GZL2M,174.19
PGWCI,399.71
YE5GQ,471.08
TBSMV,143.39466666666667
KR5JB,62.58
GKHL2,114.48
BGIUS,97.04
PCMQU,247.92
9I7O4,373.71
SMKXH,63.35
NVTOW,225.16
5KVL4,128.86
3S5SC,531.88
SWUZY,438.84
RBPJR,156.14
BEPPN,88.37
SOYIA,119.91
MEOY7,164.49
IU2VZ,104.03
UVV07,140.29
8Z9BR,430.03
2F196,286.55
QXJKH,183.94
0E9ON,170.22
5SW8A,83.46
X784V,157.29
TZVMS,134.25
MEIZV,274.4
1QN71,123.94
JVMQZ,87.04
HAJTF,213.14
K8QV7,132.23
REENS,138.16
YGGSV,428.05
JUI0Y,196.55
CVPWB,68.58
6HENI,352.13
WWBBU,148.67
5BNRF,82.19
NELZM,304.25
WMYGQ,119.04
XF0G6,322.24
IA3JQ,297.04
LQQOX,137.11
36AFO,90.61
GPFOO,172.29
MAFHT,112.8
KBSL6,72.57
KPUOI,119.0
ZG3I6,94.53
MGORG,198.6
SE1Z3,81.69
UC7CQ,59.65
T06TE,116.73
KAY54,631.73
BGYUK,78.46
SD0RJ,132.2
G6QIP,53.68
HW6RZ,166.67
OIAH6,86.8
O1QAI,234.69
1SFJI,166.48
ZXYYR,391.63
K2Z0U,170.45
BSDPK,90.3
UN3UY,248.94
LTX7O,270.57
L8NAQ,274.81
FNPAG,77.63
MIQYH,288.88
MN4U8,62.31
2PUFQ,115.14
DMEUK,9339.04
B7L51,251.98
UHYCF,70.67
TBNEV,510.13
WL7AD,122.07
I0QQT,314.5
N4VLV,48.39
SUBLQ,518.96
RRAYW,160.14
21BO9,134.0
PLCGY,136.11
5SX0V,166.63
FUXYM,738.23
8CLFG,52.14
YLBSC,336.29
HFS0W,79.73
JZ4ET,56.9
I49NG,81.54
EL0LU,96.32
IBXQR,143.6
ABUMU,85.03
XD2PM,87.27
AZYIL,296.42
IUJBJ,48.65
ZXFKU,81.22
HAGVA,360.44
YC5PX,252.46
VPZYX,162.19
T8FWF,150.04
YLNPZ,208.25
ZG4WL,353.28
S58JB,94.39
E8LVZ,298.39
BB2SY,136.76
VHTF8,115.91
HPVVY,128.36
QJVQD,234.68
6EYOG,745.19
JLPSV,140.99
OIODS,105.26
WBYBP,208.28
F6C2V,91.7
KSFE1,97.32
CO7F1,255.475
TWG8P,89.28
VGRBG,54.42
UPPVE,282.22
EDJGY,200.95
WEBMZ,1756.22
3SPH7,640.45
WI4R8,134.31
AZJIY,219.59
DTF6I,183.42
91DPX,91.62
6QKDN,154.49
YKA5P,108.97
NDG4D,67.88
PWST4,145.71
7QJR7,146.58
QDJPW,374.76
QJVRC,448.61
HRFT8,226.46
VFTCA,82.39
SQGEP,65.6
HLTGP,83.84
JGXWD,149.85
4M0H3,104.61
VA7IJ,95.55
BD6AQ,80.63
INW2N,168.54
GKKEL,231.21
X3JY0,178.57
8CSTQ,222.06
DWXZU,109.01
1TEVE,255.08
I2GHY,223.97
8V35F,155.5
LKKQ9,921.68
CZKSC,373.86
6ELOI,162.41
ASET4,257.44
N3K3U,1037.86
X1AB7,78.26
BRCZZ,118.27
Z1RJZ,343.77
2ENNQ,81.81
DPU7E,150.68
W5YYP,286.38
3OBLG,501.86
JAPB9,350.22
6L2ZM,173.52
ICVDP,59.2
ZHV83,143.4
KBOEW,158.64
DUOZU,285.37
SIJGE,179.83
CI15Z,486.81
XXQDW,474.33
HVZYS,201.27
90KAH,266.64
UJNHJ,104.41
0X0DI,154.46
UKHZF,313.0
0EUMV,259.02
IMWXU,199.42
QSBNG,116.57
V59AI,77.19
R4CDK,84.19
B57JA,259.64
VQOJS,57.08
A9BPR,290.6
WJB0O,254.13
LNDQO,426.99
BTT9D,136.02
RJARV,217.08
RBQ85,272.96
BYS9V,89.03
Z0HV7,57.86
FHENN,251.16
ADS60,82.48
CUNFW,73.58
LHQAM,93.91
JKJBV,66.47
STIQI,101.46
YM05F,1577.3
UPW67,106.77
X4G8S,97.46
M3T7G,172.58
JZ4QZ,79.84
BGGCN,602.61
AJWSC,119.09
AT10N,387.17
TBZFD,210.9
MZNAS,167.78
TNL3S,76.88
CQIXH,5235.83
S5LJ7,65.65
Y3ENJ,610.72
4WP7V,163.74
10PHN,133.29
KIIEC,88.94
CIOHD,438.81
IYY7J,276.74
I0MKH,468.77
FVWQR,114.59
KAPSE,126.55
6WYYR,168.75
RAW3Y,173.39
XFLVK,215.16
QCLCT,96.01
LKQON,432.93
Q5UTV,250.46
DJ6K8,57.0
N8TE3,99.15
YJD7X,317.56
ECDAD,478.07
1ZZN4,274.96
7E2BQ,124.78
KQ8JS,82.13
MBAK9,545.55
JE03A,150.82
9WJUP,58.57
NWIOX,190.08
SGGSY,190.34
U6MJH,236.58
T5GWG,291.85
PWBT5,307.08
Q7WCN,236.69
D9AGE,97.48
ZIZ26,681.64
6H95J,462.52
B0IEN,52.22
G9YVZ,53.92
JQYQZ,81.7
GVG2Z,167.34
5JJHG,143.12
4BB3U,65.46
SPQGU,199.4
AQ3ZJ,197.22
YH212,138.63
KFLBL,454.43
CNDMP,254.93
OO33Y,294.76
OXRM6,180.91
APSIM,125.61
R89BO,140.06
DB9IB,59.49
RDFPQ,167.85
OTJMI,76.9
HOWN9,162.04
OCIAI,57.18
3OJL8,184.13
H44UD,131.94
MEMYX,493.12
JUICJ,102.93
QFUMO,254.59
OTCTR,456.38
VLMWQ,217.95
S7C7N,198.43
UFK9Y,250.77
JOGNN,114.68
JSHDT,782.01
ZAJOG,98.53
QCVJ9,233.59
UQ73X,125.92
MZMWJ,756.74
TAGXF,163.16
I4EJ2,63.58
7JHIG,224.11
0UB97,78.88
QGNXG,147.93
OWV2I,177.58
WHV6T,100.87
GZLYV,67.79
WENE0,93.21
FOVWC,385.5
9RPCV,384.42
O9HD7,385.45
KAL2N,12696.17
53ONH,85.48
FGV7B,224.9
M14ZK,94.96
8BTUR,379.34
NLXQT,142.87
Z6FS6,116.59
V0QDD,120.87
MX0PS,541.13
6ZGCN,555.75
MOFDH,304.28
AZHC7,314.7
XCEOL,97.47
QJF9N,214.52
3NAA6,95.47
7R9ED,308.24
1OH84,203.37
7FA8B,133.15
PGYRZ,470.98
FP9LN,434.45
IJAYC,156.99
FAPVM,71.69
8LQAM,372.95
G5IG7,178.5
HA7OR,102.15
E8IKI,219.86
ZNSZU,110.07
0PGRQ,97.63
J4VOX,154.78
O7RFX,134.69
P4NKB,63.18
IAAD7,117.81
H3WHX,257.39
T22DV,209.53
JXLYG,61.63
YWUSN,158.1
XAQB3,83.25
Z12CX,55.66
UBKUU,82.73
Q6MLO,207.15
SYFNJ,137.58
4U5JY,103.62
PMKHX,206.6
H2NY0,217.37
AM5MH,89.95
1YGIQ,103.34
EIWCI,162.01
NUJSD,129.8
Q6DMR,192.17
AZIRV,135.97
J8QUI,144.22
IL2CI,142.35
IICTR,142.23
HSAEJ,116.06
S6K7S,165.32
62LJV,63.02
ZKBEN,189.78
BGQCT,229.23
OPXNZ,72.25
OX4HE,327.63
4WUJK,83.44
G4UB7,115.84
1WOWF,163.88
GF1EZ,99.99
59L5L,212.59
KNLAH,159.59
ZZ962,251.445
DDBFY,76.93
SYEP4,229.82
8LVWF,152.59
TNTH6,230.6875
EXQYP,118.71
WQBWO,233.5
NMSYG,148.46
FNBGT,125.63333333333333
MJTDK,135.09
F6W5J,215.65
WDSMV,297.65
CI36S,46.81
KEDJA,183.66
6BSKP,153.39
VF7JJ,146.03
SX9GH,100.29
7JJDU,1372.67
1KWRN,161.82
CR727,105.04
MEKP2,125.92
QCLS3,141.76
7GZI2,135.48
U4IZS,85.36
TNLIS,58.38
2PWL6,90.58
FX8HR,311.28
GJAEE,111.22
MQNIS,178.52
0CCJ0,102.04
18ADU,307.87
IKT6T,140.37
MAQAI,150.31
GIBIW,142.79
BVB0G,661.11
RGOST,237.24
U1GRE,118.31
GYTVT,213.44
VUSMS,95.08
2TBBS,74.93
MMS8E,390.29
GEDEQ,343.44
GGTNC,121.7
CR9NS,220.21
KDIAQ,57.55
O60WP,131.73
PDTXL,65.31
UJPFX,151.77
2GMMX,225.7
AFOWD,60.56
39UBF,136.6
BBLHY,227.55
X9L74,285.2
AHF68,120.82
07ZXX,196.32
RVOBA,880.74
TWIPU,95.15
UYTNR,206.44
QGAXJ,141.63
1OCFK,76.31
FG0YV,249.9
GMRHI,52.14
FYZOB,529.37
M7YBO,314.93
ZUPMO,48.53
G5ZGG,221.81
AUKFH,88.15
XXJBK,291.81
WV2PH,126.82
TOBIG,51.02
GYSP3,119.05
KZEVQ,111.27
AD3RT,183.84
DZPBE,215.31
D2GKC,188.46
4Z1SC,92.11
1SKL5,503.65
WMJRF,58.01
JYKBE,90.38
G4TCE,98.81
XVKFO,87.34
UJD7J,97.88
8JDMY,256.44
IAOOQ,151.36
CCDSS,109.9
BOO4P,220.86
LDKTA,138.3
XI4Y5,88.8
MHXXJ,243.72
Z8X9A,223.45
QKDTJ,282.56
NC2MD,74.99
IVMBC,227.32
0BGCS,72.63
DQJ0H,116.51
0VBSS,242.17
B3RD6,76.57
G4PKS,362.38
TMQ0W,136.83
N0ZP7,101.46
3NRVH,65.57
RXBNJ,218.03
TFD5A,92.88
HKYDJ,72.9
YP0FS,528.58
JS9OB,82.72
U38K4,281.33
7KDZP,152.88
AQ3F5,14048.73
ZIKMB,309.11
PFZXC,236.65
R6WTU,277.82
AWCC9,46.26
MGOQ1,49.4
HLZOE,202.86
AMKMO,305.09
HTJ68,98.28
TQM6D,138.37
5DRFW,146.26
IFUAH,68.71
URCP9,91.73
BAVJW,203.97
T7QAN,103.57
YYNEH,207.99
32OIN,181.55
PN2VU,398.64
FSUGL,397.39
M4VW3,273.23
SFPO1,197.67
DE8X9,104.44
VQOKY,146.0
LFAU1,510.02
VQGUC,124.61
PATAA,67.89
SSTVU,147.64
SPN5X,522.06
X3E2X,133.94
4BQII,279.35
1FD2J,121.63
TE56A,37.13
KVQO1,95.77
SQOZY,903.47
O25HN,121.89
6HTFV,132.18
FEUHM,53.48
XCA3U,302.05
R9Y6X,1269.64
IISYD,76.32
UQCZM,158.71
3P6ZW,50.67
KPXXP,232.64
LNMUN,45.69
JV2DQ,67.12
UIGSG,159.46
RLOZQ,123.85
FIL4D,127.06
FGUQS,216.21
K5KQ1,103.76
FTN9W,555.66
ISLZP,90.87
DGHCW,185.42
2IWXT,586.09
ZQ1XN,196.61
ECYGJ,75.72
VPC55,457.14
RZBTM,93.2
TTI5C,296.105
J8FVL,60.6
NVTKX,53.63
QAKEV,177.83
3EIEQ,113.41
DIEJO,60.54
QKCJ6,181.47
MWUZH,60.88
HSR1G,175.25
LVGLI,288.43
DUWNT,329.53
SSHCV,184.56
M3J2S,1931.88
2G5EZ,86.17
JBS1V,291.01
XUGZP,156.8
713YE,119.98
PAR1B,264.9766666666667
COYA9,134.49
P90YU,345.58
TDSGF,974.23
FRW4F,122.59
ZRE8E,61.31
1BEJB,120.69
QHK4T,74.73
WKKQE,625.41
IUEHX,291.76
IKITX,1037.48
R5MYC,70.61
47BT0,101.97
ZR7ZA,145.48
X91KQ,123.8
0NEZR,252.46
5L4TQ,72.46
EOKYK,491.78
JKZ7O,130.15
GYKPF,181.39
UG6AR,180.35
CZBI0,85.07
CJ6AT,662.68
6LVGT,125.76
I1ZFP,119.05
GBZZK,40.65
N0NSG,39.1
HGEUN,145.77
VOVTM,246.68
CSZ5G,379.43
8SDQT,210.82
TJMAS,130.56
XBMZU,183.58
UQVUK,442.48
GGTE8,1174.92
ORFWP,73.71
2T5OE,78.37
CCGJX,268.61
ZY14Y,274.83
MYVQ8,124.55
O4KMQ,219.76
C3TWB,140.82
HIWY5,216.11
VIXEQ,226.91
ETAIG,79.3
26DVL,97.99
AQB2B,558.67
8PRA0,85.21
NRHHE,68.92
JMQU1,158.29
DUPXW,143.12
ARKCU,267.17
NVVQO,672.12
6VCBG,62.52
ASSGO,130.91
LFK1K,183.71
IMFFM,733.2
EEUCY,478.32
RIPKA,130.98
BAHDO,206.52
DUQLW,78.91
SLGDE,174.85
VUFME,1579.79
KGOCI,143.5
B4DK3,76.66
A7AJ4,204.76
4UB0V,91.65
HY5FY,257.64
EQPVT,528.26
8WMU7,54.4
M8DSF,309.73
WPCMU,172.57
X9JZM,94.21
XYBGN,199.83
CSXCS,76.92
QU46O,186.94
VCHUW,111.65
AFXZN,165.21
QVYWM,112.2
N3VNF,168.09
HTKTZ,100.59
CB3BF,279.16
GGLRB,85.1
AFCV9,477.98
IVOTN,123.19
M6MRQ,123.74
OXYQ1,55.58
OSB30,172.09
ZIVC1,112.73
BFL93,116.76
LVFNR,85.87
CCLJH,341.52
ZAMDO,522.72
J7T9Z,130.92
KPFSS,64.94
PU69N,580.53
SZDDP,239.84
IUZO2,400.37
BWT8Y,60.51
OGGZE,81.79
VTGGT,102.42
RUQEQ,130.72
IBAU5,144.73
TQYGI,116.73
TMDJK,188.69
70QOT,95.08
QUYMX,212.08
IVFZX,174.31
R9B0W,450.15
XKQ2V,118.08
ROUMA,137.25
BTC5O,356.46
UMQXI,48.34
RZVOG,256.94
QLZYH,79.68
SV7QC,130.23
0FB3T,180.44
TGOVZ,215.24
A33II,111.56
WM3JT,266.63
QYZ9V,78.22
BRGDH,203.57
V0HAB,132.16
JWV2M,1149.12
NKIJF,99.24
54GZR,67.47
P6MFO,156.7
KLU6B,139.18
BQHIW,220.19
O4OZE,168.74
T1NVS,151.86
Y95IE,73.12
7LAL7,190.05
QNZSJ,288.01
AZPAM,798.77
OI1GC,71.19
MI1GE,96.94
R0OSD,150.27
HMD3H,321.95
MI8S4,312.0
HFBPT,57.73
DDVSN,166.69
QBUWC,108.77
87FHX,63.61
RRRPB,162.99
JUDOO,494.56
WURDN,101.46
EAIMK,247.26
DXMF8,50.7
UEDHK,235.91
VOPQB,218.64
II2RJ,79.97
VIWL0,193.87
E3Z1Q,73.87
QGNPV,162.66
LHYO5,106.65
RI8DY,1097.9
X3P5D,81.38
BTYQQ,43.88
X2QND,137.98
KXEKL,125.56
RG9TQ,431.51
JOZQE,462.44
DRQGJ,129.43
ILNDC,111.51
3WFJE,189.26
6OLWO,629.78
RXLYV,155.94
ALSJU,292.92
KMSGH,214.83
LZRQ5,329.21
C1PXL,307.83
FWHYX,262.65
WQSMV,235.52
HLG5C,125.86
LHZ2O,116.84
VVYNG,230.87
PGIF5,2445.15
RSNQL,103.08
00WLU,257.02
RDQD1,233.58
CTGV6,426.76
II7ZJ,235.55
6ALED,356.11
RNJC9,52.99
CKU66,151.88
DBO8U,271.94
WTB3L,144.26
3DXJU,193.75
XCFVM,916.23
T3UBJ,562.74
LY5D8,85.27
VGWMQ,143.87
FRTK0,157.52
4LCVR,207.71
YGQZE,108.3
JO1MS,178.12
PPGQ2,142.55
HZCQ6,143.38
QJFMG,101.32
OBA3N,400.2
UFC2Y,65.48
CQODN,133.89
CWBOP,343.84
N38L9,90.26
4DYIH,166.41
QGIKY,84.13
T1VAJ,97.86
IKDCW,55.0
FLND5,43.45
RSTMS,133.95
ZHK5D,180.42
WYBQS,279.57
AEMCJ,277.19
WR0QI,287.88
QVVA3,85.28
BFIFP,68.94
5UED9,67.79
XUGRV,284.04
GKP92,68.67
BEEJ2,125.25
GWUPP,151.21
29VTY,293.61
PWSMB,118.51
PPZYQ,177.06
PMG69,88.55
AMTWT,192.02
6OCN6,127.14
GHG45,178.2
VG1YA,65.13
GIQDA,143.78
LT43A,105.65
BFKW6,125.72
BLZIG,224.27
7QTV1,138.16
YMXVK,189.58
1EXUV,104.66
IHTU8,133.4
ROBCB,71.79
INS7J,84.28
LIUDL,134.8
IYJ5N,99.3
LWMZI,126.99
AFW0M,252.87
MZDRQ,814.39
WZQLN,142.53
UEDL7,483.28
IHHY6,216.43
KXQRQ,129.74
Q92ZM,161.68
AOKST,279.79
I9OEW,474.66
2BVBQ,280.93
TWHOF,62.53
P6RME,212.16
SEC42,83.39
CWTT9,166.47
9OZMU,75.88
BK7DZ,109.45
P9LVY,1040.69
PRZZV,216.53
BQHV7,164.16
DK14T,231.45
ZRSEY,293.04
TMBOJ,242.37
WYOQY,186.96
ULEML,235.36
USO82,317.45
JWWVD,96.7
26FOA,212.83
L833M,256.75
8H4N6,77.07
CXTRU,413.77
DZMST,102.8
NCGCW,86.38
KFFUV,405.8
MBY7D,229.12
PGFAS,54.94
PYFSE,275.72
TFODX,84.48
4N9AX,166.77
RF00V,248.77
HDWF8,408.06
VIDOK,570.14
M2RFF,166.54
S08NQ,166.78
4X1KZ,66.0
KWVHQ,76.17
6NOUE,124.94
C6RSZ,297.41
OA0Y8,40.3
BKCNI,368.38
P6HL8,264.86
KIEW9,104.85
FG07X,73.61
O87TX,64.08
ITEOT,441.93
GDVSY,105.17
X8HPD,3429.74
QHTOW,546.37
DW9IN,134.23
GSDAD,130.53
WUBJT,164.48
UKXAL,48.27
DHDAL,325.45
9X9ZN,138.86
ZL0ZU,152.94
ZE2TA,133.45
0QB8E,65.82
IFXD5,385.48
TVQXL,66.21
GKOYN,140.35
WTHBZ,268.1
BDL0S,508.17
FBRNK,104.54
POGY0,180.46
FYB3U,133.95
62290,83.13
CIZTN,510.61
RDCBK,173.78
RBW1K,265.9
MTBDP,107.98
J2PKE,203.99
7XFUP,136.7
QWRBT,68.24
VPP2W,202.9
YORI5,229.85
LLFY0,206.36
YX9QU,86.9
ZGYCI,278.48
KO2PC,147.32
QZRF8,234.37
NRP16,108.1
TBVAT,1335.92
LK65C,94.94
WXS5S,81.09
VFBOX,162.58
GEKQ6,117.32
CNM8L,135.95
YCVBV,240.24
HFSMW,246.98
F8NJD,81.0
NU7FB,327.73
MARB7,94.56
JKKWP,273.39
CBZOA,104.27
NJZFP,139.85
ZY3WB,155.46
QTFLB,125.9
PHFTH,276.21
FWXIG,97.8
DDPWK,57.2
6DVPU,869.25
J3B0R,108.11
MUJRG,391.36
QQFDV,60.94
4JUCN,170.07
MTEGK,144.09
RZN0Q,180.44
0EHE5,45.34
NKWUP,378.19
OFE5R,487.85
IRMMF,141.38
NNSA4,484.16
GXNHP,296.87
PTSRU,116.49
JRMVH,102.91
JKCCP,128.68
SGWLV,128.32
46ET9,90.39
ZAUNN,61.94
RLXAM,344.03
LMQ3X,365.65
BI5OB,72.05
EE6R0,173.0
1H7DB,9244.78
XCELY,157.72
PPD1V,153.64
NOVT4,104.85
HUIEN,128.32
QYHEU,124.77
DJOPT,214.39
TK1KF,81.65
EEVBH,140.38
6PVHG,77.75
UYY5G,337.62
D1KRE,382.31
6E4ZM,229.32
DFNRJ,241.05
BMYPF,105.6
GGPQI,85.26
FWF9K,195.32
QOO6X,61.75
VHOJE,51.89
ZMSWA,64.46
KCB6Y,263.46
VOPT7,273.8
8DQR3,82.76
YXV8M,128.67
STHIF,295.23
D2CML,135.09
E1AYR,200.61
TFC2Y,161.04
ISLMZ,123.89
JREBA,125.96
OBZ52,100.32
TXDMF,155.49
XEOTZ,174.94
X1AA2,232.15
9OUHV,304.44
MZ5JH,138.6
FITPB,148.27
GCVI6,122.73
SE39P,415.04
P2MZT,58.55
DHUFA,62.99
MYW9C,246.2
C8IAR,188.47
A9UHS,353.34
EVVRW,324.7
CTJM4,85.81
TQMIT,72.32
DPTAE,486.85
N8GKT,174.26
SXUPX,236.14
G4OJ0,153.19
LDOKJ,215.0
OBIKF,241.25
QGEM7,153.08
LAYB0,252.0
HIEZI,335.8
IXGBT,130.25
HKPSJ,130.64
Y6NDU,73.55
7ZE49,240.63
LTSZG,382.44
MMJIK,84.73
IGVDZ,108.93
BV8CX,124.49
SGGEY,70.11
BXNJU,77.12
Y77M9,292.94
O1B26,358.21
8ZYZK,52.67
JUWYQ,443.42
D5J7L,67.48
EGN4C,511.33
BMORH,137.76
YTQA5,72.79
ERHIN,127.85
VBGB4,75.37
YVCWY,271.73
CZWKQ,172.82
ZD0NI,313.27
BJ6HX,139.08
XV4BN,85.74
NLSPY,112.51
US1PG,361.84
XWV7S,170.6
UGX32,73.21
YJDRT,325.71
WSFJX,56.09
JEMV0,139.26
LGFQL,25.71
MW6R9,84.4
GXWW1,263.19
32DJF,70.87
8Z3AT,169.99
BGO0X,159.01
5JEDL,90.86
QKA0Q,196.45
TIIBU,310.98
0RHIC,86.88
ICVT0,319.51
KCHVC,199.17
EFLNM,152.06
OOVRN,62.2
SB6AN,126.13
ZMVH9,63.42
1DPTM,62.01
UHE2Y,60.98
RFV70,469.75
KRKXH,63.65
1ZGIX,109.84
ZTXHT,472.95
UIXYN,407.4
AEE0F,142.47
UATQ0,198.41
Y5FIU,145.86
PXRVQ,272.85
XL9NF,249.28
3SCXO,106.05
KRQGJ,59.59
E9DWP,199.19
2JKAH,73.29
6RKVM,104.17
BLC5T,65.92
MZ2G3,360.89
8IYHX,105.05
IDIZQ,382.65
RVAPE,443.12
8SMSC,127.05
8EXTU,79.32
LFRMI,141.7
XYQHR,152.79
NZ4IJ,98.71
SJBNT,134.98
IBXJC,138.47
ZGNUC,297.37
UIS2V,533.39
DFFT7,150.39
E5RLB,231.81
47GHN,142.81
C32PH,273.54
6U1CK,693.03
LTIJA,107.37
WHXSX,131.29
FLSBH,94.24
P0FUO,87.47
SLHOY,315.9
JPJB5,289.49
SHZCS,91.65
RUJXY,42.12
N38EI,205.99
JKRMG,140.59
9TTRT,73.74
WJO5S,195.84
N33UH,103.66
XGCNI,85.18
FFBEJ,220.19
XBTLU,355.89
LREIV,211.84
OMY6W,137.87
KHLFZ,56.59
IXEE6,56.76
BSIUX,75.63
FKNDX,67.26
4BCIM,1014.33
PINLY,749.49
ZN4EG,233.95
P83FP,267.64
1PYJ7,302.9
7ZWKH,38.95
MCZL6,66.92
RJYWG,130.77
TDDMR,105.45
Z2SHT,254.84
3T5AZ,193.55
WWDTF,222.44
HCTU4,113.66
5LSKT,666.66
NSPEO,638.7
CEK3Y,133.54
XNBXA,103.0
WTSPI,112.58
VBUQS,162.04
D5PZS,410.29
H9HOJ,507.23
XNHRS,137.52
1WCUO,184.65
V0R2D,251.17
0QOJP,248.65
SA6VV,298.96
5CW4N,189.83
YAWYH,304.15
SW8LU,92.63
ARAB0,144.37
YJGVY,449.31
P6KVI,224.95
IME7G,96.44
CMXQK,1690.68
OOFPH,128.93
EICMQ,515.8
FOFRF,142.99
QQUMQ,103.94
O4XVH,486.19
JYBHE,171.12
H37FI,550.61
T5Q1Y,263.4
FGPYL,57.91
AUDHY,199.82
OYGAV,420.93
OOMDP,71.99
LUZHP,51.54
QORE2,124.42
G3GFJ,166.79
OME4U,287.28
9TJIN,229.87
9RAYV,193.18
ZHDN3,59.07
NCGMK,87.47
LEKAW,66.26
YVXXV,458.0
5PCAA,123.5
RUMRU,132.0
WYA9O,247.84
PEOXT,244.48
ESJG9,354.91
AFOY7,153.9
A0BFB,286.12
PFVQX,972.04
IH2T2,160.75
JWOOB,175.12
MTPZL,151.98
ZUDOW,251.245
ZGNEG,132.08
EJWAS,458.46
3TZEN,227.43
6ZM7K,188.93
LBWA7,434.77
WOHJR,97.5
CBXX8,145.2
GZG83,3291.2
7VZR0,827.3
YXJWX,178.69
KVZMG,113.02
KWZBG,207.92
VAVZO,172.5
TRFZ4,143.21
IVHLW,129.64
35MWC,154.62
VPEXV,284.57
D4HF7,509.46
LB6TC,133.15
90WZK,157.47
ZVCPT,323.37
QU3BY,182.02
QQEZX,63.88
RS2SS,147.9
OTHBZ,164.85
HGVHG,222.44
N5TUM,150.97
6LLHC,234.74
61UHN,104.57
WZIU1,55.28
2GNIJ,140.26
EZNZB,165.65
GDPKI,67.48
GPAY6,67.76
ZUV82,441.43
7KPMO,27.41
BF5CL,67.54
FTHHZ,265.15
WYTCE,320.69
DJBSO,102.13
XKCGM,110.3
KZGRK,523.43
WKTAD,180.99
BO08O,159.95
VQKOS,98.93
U5GP9,26.59
G7OZO,1032.79
QLFBE,172.24
6GTFQ,141.42
HQUOQ,993.73
QWS1T,355.57
PKEGE,756.3
KMK2G,544.38
Q8E2F,146.07
DYYZW,31.58
NXCG9,95.2
JSYN7,140.82
J9XZ7,301.75
HSE62,187.81
FFPWU,72.31
YHN5K,43.8
YRDQK,125.34
IYFHD,128.92
4JT5C,140.51
UCXS5,85.23
H88HR,229.16
LMHDH,210.93
IUGJM,147.13
SPOX2,224.39
SMZTQ,64.82
GCHVL,736.3
BEQGW,735.31
XJNDA,36.93
WRWFO,177.27
ZIEKV,198.5
NGF3S,216.89
IJDA0,249.62
EGMJ6,120.88
S9GU1,1181.82
TRW1V,50.29
XJWSP,156.96
DMEZ3,128.49
IUJ9L,59.95
XNFQG,246.35
FUNVE,152.92
Z9XZX,458.05
HOZZX,117.91
LKLHG,95.87
AYNH0,141.28
VRRRR,292.63
LYGJC,73.93
8B5LN,61.12
AJFXH,402.04
9E4SH,88.97
BIZZJ,110.44
MYVQY,294.77
UAR37,442.47
APNR3,104.64
QCKMT,153.97
KWXZL,43.31
YIFUQ,139.94
ID3LE,26.15
U0QD9,269.9
ARVOS,95.56
0APMA,112.61
MMVV3,60.24
TLTHZ,106.22
K4VFM,63.37
LHISU,198.64
FJ3LY,96.44
UVN9U,69.03
B7SNO,80.82
ZXZQP,148.74
XNSPW,104.16
IREJG,51.03
ZYFJT,425.61
KPP0P,161.65
AZKYZ,136.25
Z72FF,420.02
VA4NE,188.11
SYPDM,160.2
XFR5X,83.07
G2GKW,426.32
CX9HG,103.64
MTKSO,66.14
3XV94,70.5
4VB8E,91.37
5GDRU,164.98
NVBWM,270.33
U6EZ4,175.37
YPQP8,191.64
AM6GE,123.17
WDOTC,267.87
JAFEC,100.79
4ZPFQ,69.44
K4CES,144.59
F2124,172.96
SRP3R,248.63
EIKUK,215.48
2YHIL,193.41
3MXNO,71.31
PBYWI,1257.62
4M6RM,161.05
WZTAU,86.11
0XNJH,100.32
46I63,90.28
PX8IA,163.72
DV9PB,94.12
WCGPM,111.29
N6S0E,210.89
PUEOG,217.49
OZIXT,184.71
PUSXF,111.0
QHOU9,327.81
FH3VF,85.01
MP2WU,346.58
WTULD,122.48
QPOH1,436.5
I5WQE,92.44
SWZPM,107.4
PFVT7,98.92
9DBCS,211.97
NBMM3,113.03
LHZZB,125.75
GR2DX,135.13
FR5OV,208.26
3OKS2,173.48
BNLL5,273.29
YIYUE,127.96
VFUKC,50.93
B3BND,82.66
IYCXG,60.61
I5QO7,64.62
3OSLP,57.1
YARCK,218.37
ZXO9B,84.36
FXGW1,56.06
UXTEE,96.99
D1ENY,133.98
4WCEV,165.07
SJU0R,64.82
4NH4G,126.48
ZXSVN,78.06
LI7HG,164.22
HYNAK,138.43
CTUCK,40.15
9TIS9,183.27
ZA97M,194.1
TYGXE,50.75
BTGIH,159.13
X7KTF,279.03
PPULH,524.44
U5NQG,225.45
DZZGJ,102.78
JFSPK,302.45
IQ7NF,265.97
MF7S8,258.54
QDLZR,245.48
MKEUM,244.31
LEVW9,95.16
LD5VP,244.75
V4HFB,204.05
WGERT,317.57
8GJT9,120.63
JGTAN,666.71
C2KZ8,149.18
GJLKQ,466.37
CJTKP,1389.55
IXQKP,502.36
TPDSZ,155.24
C8GCQ,370.94
R3XNJ,398.28
KYX9I,58.74
O2WAQ,264.43
F3Q9A,210.02
CLZDE,95.6
EBKXV,128.17
A9T8U,136.43
9X36F,96.78
ZWDYM,170.44
GW7UX,114.89
GMFYV,468.54
ZQ9LE,97.86
ALRDE,66.09
OUISU,689.28
OJ3LM,151.61
8WS30,76.68
NPKVQ,168.1
BYDHZ,137.47
HV42C,967.86
LEUJV,150.62
AXGD4,88.68
ODNS1,407.73
BQWW2,107.37
NBSJ3,134.88
WVVZ9,52.08
OQOPG,220.22
RMMZD,357.67
NVNCS,209.49
N3QCE,194.88
JHYNR,273.96
PKASO,152.22
FSOT8,179.79
MPU7A,77.4
IKEGR,146.6
J1BXK,145.17
QBSPN,127.06
XGBDD,143.95666666666665
UWHUL,91.41
EFQN8,138.19
STKOA,227.94
OACCB,134.03
AK3GQ,300.55
LEIKY,119.89
BZWVQ,216.27
S6Q2X,9999.04
N4WZM,162.14
GDDMC,220.28
EYDFU,370.85
CUHIQ,382.47
6IXKN,277.5
QORUG,308.02
YBC0I,130.37
VFVDN,56.19
ZXFDI,54.95
FJHHW,293.28
ZF110,64.03
OBH3M,273.44
YQNLN,107.44
DAGAH,145.77
PSJAV,186.74
6PDSQ,131.65
AIPVY,9373.42
GQK1J,59.65
4WTH7,68.31
MFOUN,134.74
39OEV,255.81
HHLMY,503.3
JU3GC,311.13
IOBF3,222.72
XJ9XT,100.22
BWWUX,145.73
DX703,34.58
GITUF,127.2
ZN7BG,323.71
B5QCE,113.28
C9BWQ,180.72
VRUJW,105.09
C64L2,231.38
1I73K,154.14
L5GSG,114.68
K51UU,135.04
UFG1A,135.12
5XGK7,100.07
QUVAE,175.83
5YE70,295.01
NBIC2,286.67
KL0EP,400.52
Y2D9Z,110.86
X76KL,266.31
JJWEM,318.45
JMTL6,286.11
XOOXN,220.64
UFFBX,66.17
HIK7D,40.36
UB3U6,174.36
PMM0E,235.87
GJNFG,323.66
0H9XC,1106.74
YWAQW,129.41
BWGNL,51.59
OIGFT,45.36
VAIAW,244.25
USNBR,65.36
5UMZ9,202.98
NR43V,381.13
BXVXY,86.37
PGKMJ,310.54
FJSYQ,1231.24
2OB7T,59.14
KTV79,141.82
LNNUD,445.05
GVUIL,39.03
V2DRS,93.7
N5IES,36.19
XME8V,669.55
LQJTQ,830.6
1WJVZ,65.57
CIO1E,231.52
U2S3X,198.19
EH7CZ,317.18
SFCFP,163.38
EDUTQ,73.89
ZYEGF,83.34
LTGSM,56.22
AD9TX,540.46
7UB4G,77.97
NSFVD,486.18
08GHY,109.51
9NSP7,64.18
9LPM2,115.56
VUEUD,151.72714285714287
LOOSN,255.39
J2LQM,885.42
CROE5,150.41
KOHXV,113.75
LL5W7,222.17
X3IKJ,282.98
T2NCF,311.52
4TGOR,364.11
YQRH5,118.16
K5XNV,77.77
8QJET,257.54
ZZDZI,55.96
ZGWCJ,92.4
EXONN,298.07
YZYKP,122.37
24RND,163.9
SSYYI,55.74
VOBJT,124.95
FNAMB,9999.1
4UJSO,49.52
EHRST,77.07
2K9CK,192.22
LGCRG,301.68
QSBCP,114.59
XKDPV,72.94
DOLOX,59.67
SQ2BQ,124.61
6DQQK,139.46
0GIJZ,274.08
A0T75,105.85
JCLUR,290.53
YAZOO,266.14
OLUS0,337.49
9BX0J,150.64
FMJSH,156.2
KNCHD,78.68
WE8PU,238.51
6DSEC,39.13
PYOYM,128.17
TMJTI,207.26
UYX0N,141.18
KUQEY,341.96
MSHG7,74.58
P5YOB,290.61
SJ1RO,78.72
MFMOC,517.74
FJCST,222.2
HRPMH,117.55
JICZD,76.26
WGWFR,205.22
0LYFQ,148.18
S32T4,129.45
KNUU7,61.68
HJJB0,77.66
H3CEN,82.34
YSB6A,300.71
AI7RM,139.03
5UZFT,60.88
LCSEM,428.78
C2SWY,79.84
6KFTX,142.53
W1XEK,344.69
QZTP2,65.73
RNQHX,54.76
PQCBB,65.46
CT4P1,186.3
SWJHJ,216.52
PRWLR,129.25
ZDQJJ,182.63
FFXSO,152.08
WERLO,154.03
UHTNI,75.87
JUJMI,136.23
MCJND,195.53
5MLZI,54.31
WAYNG,258.34
5FWOF,170.39
APRXA,440.96
LFYY5,297.01
AHIYL,127.09
F0A3P,175.01
8QIFX,71.17
GIGKR,152.62
BXONY,267.76
EENNY,223.24
HT48F,1079.62
0130C,187.11
MFEJN,79.68
KXOHJ,128.44
KUEKD,54.62
VM3GZ,196.12
1SABE,439.87
VZLNJ,363.88
6Z5DQ,519.29
SXGCH,213.32
XIXAW,566.21
T2BOX,67.48
FNZ9G,46.71
CGFC0,446.71
LKJCE,116.99
VCHD5,98.58
2LYK9,1471.71
88GTE,285.19
1MSZU,196.37
KEAHQ,111.51
ZXGBN,106.29
P188P,278.89
X3FLD,340.16
TB3LB,167.39
WSWEG,55.95
7ETFA,131.5
MMRLR,173.1
MRV4R,58.78
7KWX6,60.96
STTHC,213.13
MNL9K,120.56
AJ8QM,1071.37
QFLRA,89.27
ZVBN3,158.45
OUQRL,225.71
BBUZH,127.35
YHSZV,124.4
5DU2H,414.75
XAXIE,177.96
8XLPU,103.68
NJL5C,102.03
EJOYJ,225.97
AQOBN,127.03
I54SV,229.69
NSVGT,50.28
R5GPR,194.52
MNYMP,139.79
WNLPJ,134.79
78QED,1574.28
CD7QV,297.71
WXSHP,243.36
AJE6I,122.64
JH7YW,225.56
I9ASU,63.8
PW8WS,91.53
ISAN0,196.13
XDQON,73.24
NT9UC,476.05
TI4DZ,82.65
FZGZX,228.15
CD78F,648.7
WP1VN,53.4
GJZHB,80.09
R8DJD,88.57
ZFICZ,286.87
CZGIM,178.08
WZKBJ,642.54
2Q09M,162.8
46DQI,146.64
OPOGH,875.13
UMHYW,140.06
OQQBN,142.07
MKXTQ,87.74
ZIJUU,159.99
LMEDM,178.04
BP3ET,133.74
6K3VL,85.44
OTJ8U,518.41
SWSUL,303.52
V4QY6,25.21
53ZNN,104.85
LJDPW,68.77
SFWRC,101.69
9BUFF,107.08
STNF7,85.52
JS9LB,394.84
GAFFX,129.68
UC592,84.08
S7S5V,114.37
YQA6J,111.37
9G2I0,107.71
4TF3W,96.7
CKZDB,215.35
D27HU,217.86
L1M4U,1149.12
HDX1N,201.65
JGKMN,174.93
EMTBQ,71.05
GJYDX,458.05
XDMG6,75.08
1OYFV,191.33
II5M1,38.94
0KTK6,144.82
XBUDW,239.49
UIRJQ,560.27
7DCNJ,149.89
LW736,151.48
QMRVD,91.66
HDRR3,364.47
6AIOL,90.01
CR0RA,319.78
T2R8R,103.28
Z4LMI,987.04
QO0ZF,69.81
D0HT4,228.63
JCPOS,145.69
JHFI2,90.97
TGXZQ,119.95
GWGZD,142.76
HOKSD,198.58
9GDOA,276.82
D1QXP,204.49
ARLBW,169.59
MTH2Y,57.98
RSXIQ,175.62
MX5EN,237.28
BKGXM,144.59
K1RDY,149.93
TME1S,62.41
DE50J,134.29
L3DLQ,237.45
9WWMB,67.92
OAYNH,781.03
GSOL8,328.75
WTBPT,132.68
BW2H8,427.33
C6PBY,178.2
2C1AP,887.52
OKZYW,102.19
B33N8,275.67
9N7UL,95.38
Q2OV5,305.65
EH98A,121.68
LZV2I,80.75
ZMVZ5,321.95
DTZAU,552.48
7DTP4,64.66
SVE2Y,136.06
00CGX,129.84
CG3TA,270.39
LFD7Q,187.76
73V4A,46.58
DVBS3,244.55
0DBGT,49.06
ION6X,202.07
TREKJ,348.87
WFXP4,217.87
VVIVT,99.24
BFEEP,293.26
A77WN,1017.83
6WYNP,224.27
OK8IO,201.74
H5DBD,60.07
CZEUN,171.19
PNVKJ,46.98
OHXDV,120.61
DEIC6,322.17
L06MU,158.03
F9Y5R,90.95
3ZCZH,105.16
28RSR,168.83
RXBDQ,99.25
XZ3QV,137.21
RE20D,250.05
0XHTE,201.2
WQZHK,135.68
ECJLH,79.73
VQHBZ,138.5
IJTU4,171.54
PWVIW,1008.59
AGNRE,80.79
9NOQL,122.77
BQ7BQ,97.16
XRWMM,160.65
EXGL8,122.09
SQ50R,127.71
ICIQ6,130.17
ANCPC,158.65
IRV3U,136.63
LWVSB,448.25
UWM2J,143.56
DIZKA,85.61
UGOT8,191.95
QJSYW,101.88
LHK3W,297.38
SU64L,69.9
ROWB2,227.07
ZSPHK,177.95
AX5AS,141.968
0WWEB,136.83
8NZI1,191.55
2EPTO,127.21
WQNTU,93.56
WDXG2,89.15
DRZXF,157.7
KYWHV,96.26
CRWO7,78.51
ZKD0D,61.55
RBDWD,110.17
LLRPY,60.39
TDXS4,87.42
JUBYC,169.87
7AZR6,77.84
A5QBW,55.24
SG9DF,296.87
DHMCY,208.51
3JZAJ,270.73
IIIYT,372.13
ZEQIA,127.22
0XTYJ,57.44
H2OB5,833.89
TQJYA,196.79
SIMIW,119.35
5NGJM,99.27
6RRVG,52.55
AQ4U7,265.77
PREG1,219.02
HGUCQ,134.81
3NFOC,191.93
CFVMC,189.11
AEK9N,71.24
YMGCF,51.75
IMVC7,55.0
9FIQV,95.76
XVDXY,179.29
2FPGV,252.7
4DTYP,153.32
JPE6Y,212.18
X5D7U,237.43
DPLVL,2125.31
I42I8,96.47
S1NIQ,134.71
YBF1N,144.82
73AEX,131.72
ACH3T,109.46
ZLRCJ,241.07
3GPIW,134.22
0T43K,109.37
IN9DH,124.41
MIWAZ,222.45
VLEDV,158.678
RKGOQ,359.62
CZBU2,109.39
XEKJB,94.09
0LTRX,91.1
9O3LM,244.91
JVQ8Q,365.85
U0DMZ,233.34
R9BFT,133.32
QOM7F,215.82
OGRLA,128.61
AE7MB,122.41
QI79T,87.08
GRMCN,218.86
CWNK3,351.22
XO3HO,140.15
GB3UF,327.93
GK9OK,148.98
XXASI,162.67
FTYCV,286.445
5F5TT,59.8
PXDCK,164.81
EZLQS,207.43
4COGA,178.41
9IHM1,55.78
FXTIY,58.34
CNIJV,211.86
SBRWI,98.45
60QKE,165.78
RBDEP,278.93
TSR1Y,208.83
TBOMV,451.22
UBMY1,44.61
ZTM8M,217.89
T7AG9,113.48
BY7GF,137.38
Z1SG6,192.66
EEL3R,392.7
EOH6G,289.44
TUBYY,139.68
NLVHU,137.3
BJJPE,148.54
VGLV6,106.43
4HJKG,148.49
PR6WK,282.82
PIWRR,351.26
4QUIB,189.72
VNM6W,115.96
NIRWS,1097.9
TP6NI,197.07
240GZ,70.95
JTSWO,102.34
W2Z2Q,325.96
Q4UET,235.51
FEDHK,217.36
A4XVG,139.16
XVFV4,130.13
OPZMA,241.93
AZ3OR,110.56
WYQZJ,127.24
MTK6M,308.15
9WZYR,97.2
XQFV2,455.98
XKSGL,106.55
MICYU,198.43
ZRZU3,83.02
F9KSK,269.19
P0NVI,281.37
7Z29V,436.44
IB8TE,145.67
6KT6K,80.42
D7V1S,458.28
SCUUG,113.74
SBLWW,291.27
2MYIY,107.89
E8NH1,331.96
KMEXM,161.28
GMLQD,92.14
ERUPQ,507.42
CG83L,149.79
BELNS,154.26
TOFIR,117.28
GOTCH,223.16
85UZQ,236.59
PLP6V,65.38
E8CWS,139.27
OUI0V,121.91
XAGSG,98.62
C77CY,62.36
Q2CD0,115.07
N4BQ6,506.83
NMYI0,348.36
YS5M3,60.31
A9JNX,266.93
LNQSJ,148.55
9PCHQ,81.17
5BCZY,214.42
CHTVQ,75.13
ELG1W,152.93
7BPMF,896.08
YI9MR,57.04
IRHWW,85.64
WHH5V,107.31
WZH9F,274.53
II60H,179.42
OVFMP,157.83
ZHKLU,141.67
9OHEZ,133.88
P2BPG,178.43
7MY0K,132.5
0AJGH,100.72
XOLEV,86.94
TZF5H,137.445
IQCWA,384.14
IQIA6,89.07
QHLPT,40.25
N83B6,108.21
ALEVM,86.26
P9VWD,181.27
6W8OT,137.79
CXEXC,174.47
TBYEV,389.41
TM3WP,151.52
O3IDZ,226.31
ZQOTC,94.85
EGGDH,54.85
UHUHP,58.3
A0OVB,683.1
XOUVW,243.82
AWTVS,1024.8
PFSSW,168.27
ONPWF,517.42
IVJZ4,95.52
BM0MH,58.69
J2SCE,174.97
6J9ZW,97.96
YLVHN,310.85
WWZAQ,65.12
E3VUB,158.28
ATMVZ,88.72
YJSHT,503.08
YZK2C,250.83
6QS9T,148.53
2MTNY,98.99
OUKUD,279.66
1ZSX8,69.69
WAYJK,102.19
F75M5,198.01
KKBW7,182.04
NZLEU,165.08
W8NU6,108.78
FCKIR,353.05
FHG9U,192.59
KASF2,83.96
8PKPY,138.39
T3FDW,134.98
SHSBS,411.96
RVXJ0,526.54
HO4XF,230.23
HHUSR,127.62
SCXBS,443.34
I8XWV,24.74
FBLUK,160.55
ONJFL,157.1
H6PDY,119.54
T6OEE,96.92
1NKIM,112.05
AZPLQ,30.15
2OPNP,139.44
KSTZG,108.94
P0R4W,114.3
SE3QQ,187.97
GK8AB,101.74
YYEWD,147.52
RED4V,61.45
BSCEG,130.39
ZWSAS,236.11
OG0VM,173.31
58PKV,81.35
2C627,233.84
ZRWEV,594.75
53QXB,82.66
POAND,166.13
RPHJO,119.47
QNL82,219.95
3JRCB,67.5
NKL4S,413.1
WBR2Z,173.36
1YALT,244.94
AULPE,106.57
ZZU4S,1225.36
9EBCI,75.82
Y6QIL,164.85
TSKVV,218.5
S3QDS,179.39
ZLE9E,113.21
DVGRC,126.36
XVYS6,93.24
1ZO7A,374.01
HQKLO,1086.73
TDMTM,145.62
PE8JC,58.27
TS9I3,150.238
BXVWO,271.6591666666667
TD7KF,162.06
D8E5B,153.63
VIIYO,220.43
RNEJT,257.81
BYUTD,247.73
ODKJN,86.61
RYPIC,250.32
PETUS,303.48
L4PPR,481.33
LXHVF,171.38
D3J6H,193.83
0Z4AU,126.32
QMMHP,146.95
1KHHL,73.1
WYUKV,134.53
OJCFO,166.12
INPFN,49.95
BYXWT,91.81
CB7KG,95.11
JGRFN,143.47
CIBY7,102.15
V77A1,984.45
TYQPM,277.45
A8VCT,351.05
V5TLP,196.72
VODLL,359.11
P3NZN,50.38
USKZD,207.09
UIHJ6,238.18
OO2TB,85.73
NFTMH,85.49
JCFCY,333.85
ONYKH,395.93
WULDJ,79.46
S3KC7,93.82
HHETU,203.66
SUKIW,165.42
X2VXV,431.21
NYDLB,158.56
G351L,189.27
4HSWH,225.12
SHJCF,71.64
SGOW7,191.59
YGQNS,83.21
YSPDC,187.6
VGKIG,76.12
PGXGJ,74.77
GZFFO,606.77
YTDPT,411.84
7UWJX,274.83
KQOAV,100.61
5FEHM,170.16
RD4JV,634.58
NBLOL,274.15
U6RXQ,294.42
UEINH,149.81
JSS2C,81.99
XR9OX,114.62
I5VRB,79.45
FXCWV,86.61
IFD6G,97.29
LMVCN,197.43
MPVA3,90.55
ZAWDF,209.65
9ELM3,400.27
WQ2IM,76.76
CYFPT,166.57
SW0IO,279.31
B7ZGQ,186.73
XEINS,117.65
NFSA9,397.34
INWXI,111.77
TMGHM,127.38
S5FDI,251.39
O8NV8,141.99
7MHL4,73.83
OWTXI,162.31
G2M9F,124.33
CKDUZ,88.03
NRG0X,616.53
QQQA4,195.24
80JVR,64.88
PKWNT,124.81
STRH1,165.34
PQEXZ,70.2
YJSRZ,98.19
IGBRU,52.27
QGKJO,157.02
1P9C2,693.08
HF6JY,274.24
C58BA,119.18
PT5ES,145.21
BB7C9,102.96
TO3VM,1068.99
5PBAC,425.21
9UGSD,106.41
PIS72,311.32
53KH5,154.65
VEHUX,155.76
UEL35,239.3
Q9T4I,145.96
UOYXS,169.45
THSOJ,386.83
DMYN2,269.79
WJOQM,514.37
XRND7,123.17
PBWH6,86.33
2TAJ9,650.68
YFHBN,213.64
Z0TCA,332.24
VBCBJ,326.28
S2ZQX,124.46
